date,game_id,status,home_team,home_team_id,home_score,home_outcome,visitor_team,visitor_team_id,visitor_score,visitor_outcome,home_conference,visitor_conference,time,overtime,is_shootout_win
2025-12-22,72795,FINAL,Hingham,4171,58.0,1.0,Silver Lake,4349,42.0,0.0,Patriot,Patriot,7:30 P.M.,,0
2025-12-23,72348,FINAL,Archbishop Williams,4012,57.0,1.0,Bishop Fenwick,4043,25.0,0.0,Catholic Central,Catholic Central,10:00 A.M.,,0
2025-12-23,72350,FINAL,St. Mary’s,4374,82.0,1.0,Arlington Catholic,4014,16.0,0.0,Catholic Central,Catholic Central,10:00 P.M.,,0
2025-12-23,72353,FINAL,Cristo Rey,4453,10.0,0.0,Cardinal Spellman,4075,92.0,1.0,Catholic Central,Tri-County,10:00 A.M.,,0
2025-12-23,72836,FINAL,Seekonk,4344,53.0,1.0,Fairhaven,4133,42.0,0.0,South Coast,South Coast,,,0
2025-12-30,75287,FINAL,Amesbury,4007,67.0,1.0,Ipswich,4190,33.0,0.0,Cape Ann,Cape Ann,,,0
2025-12-30,77691,FINAL,Lynnfield,4223,60.0,1.0,Manchester Essex,4229,40.0,0.0,Cape Ann,Cape Ann,8:00 A.M.,,0
2025-12-30,77724,FINAL,Pentucket,4309,52.0,1.0,Triton,4395,48.0,0.0,Cape Ann,Cape Ann,8:00 P.M.,,0
2026-01-05,77708,UPCOMING,Carver,4077,,,Hull,4184,,,South Shore,South Shore,4:00 P.M.,,0
2026-01-05,77728,UPCOMING,Norwell,4296,29.0,,Middleborough,4247,71.0,,South Shore,South Shore,4:00 P.M.,,0
2026-01-05,77732,UPCOMING,Rockland,4331,,,Randolph,4327,,,South Shore,South Shore,4:00 P.M.,,0
2026-01-06,77612,FINAL,Arlington Catholic,4014,57.0,1.0,Cristo Rey,4453,7.0,0.0,Catholic Central,Catholic Central,7:30 P.M.,,0
2026-01-06,77639,UPCOMING,Burlington,4065,,,Stoneham,4380,,,Middlesex,Middlesex,4:00 P.M.,,0
2026-01-06,77657,UPCOMING,Melrose,4244,,,Wilmington,4432,,,Middlesex,Middlesex,4:00 P.M.,,0
2026-01-06,77669,UPCOMING,Pentucket,4309,,,Essex Tech,4745,,,Cape Ann,Cape Ann,5:00 P.M.,,0
2026-01-06,77677,UPCOMING,St. John Paul II,4689,,,Nauset,4271,,,Catholic Central,Cape & Islands,3:00 P.M.,,0
2026-01-06,77680,UPCOMING,Nantucket,4265,,,Nauset,4271,,,Cape & Islands,Cape & Islands,3:00 P.M.,,0
2026-01-06,77682,UPCOMING,Lynnfield,4223,,,Hamilton-Wenham,4163,,,Cape Ann,Cape Ann,5:00 P.M.,,0
2026-01-06,77683,UPCOMING,Winchester,4434,,,Woburn,4438,,,Middlesex,Middlesex,4:00 P.M.,,0
2026-01-06,77684,UPCOMING,Dennis-Yarmouth,4111,,,Falmouth,4134,,,Cape & Islands,Cape & Islands,3:00 P.M.,,0
2026-01-06,77700,UPCOMING,Manchester Essex,4229,,,Ipswich,4190,,,Cape Ann,Cape Ann,5:00 P.M.,,0
2026-01-06,77702,UPCOMING,Dennis-Yarmouth,4111,,,Monomoy,4706,,,Cape & Islands,Independent,3:00 P.M.,,0
2026-01-06,77719,UPCOMING,North Reading,4288,,,Triton,4395,,,Cape Ann,Cape Ann,5:00 P.M.,,0
2026-01-06,77733,UPCOMING,Sandwich,4340,,,Martha’s Vineyard,4235,,,Cape & Islands,Cape & Islands,3:00 P.M.,,0
2026-01-06,77988,FINAL,Hingham,4171,76.0,1.0,Whitman-Hanson,4427,24.0,0.0,Patriot,Patriot,,,0
2026-01-06,78005,FINAL,North Quincy/Quincy,4287,31.0,0.0,Hanover,4164,65.0,1.0,Patriot,Patriot,,,0
2026-01-06,78008,FINAL,Scituate,4343,25.0,0.0,Hanover,4164,75.0,1.0,Patriot,Patriot,,,0
2026-01-06,78080,FINAL,Bishop Fenwick,4043,16.0,0.0,St. Mary’s,4374,79.0,1.0,Catholic Central,Catholic Central,,,0
2026-01-06,78082,FINAL,Cardinal Spellman,4075,59.0,1.0,Archbishop Williams,4012,41.0,0.0,Tri-County,Catholic Central,,,0
2026-01-07,77607,UPCOMING,Weston,4423,,,Waltham,4405,,,Dual County,Dual County,3:30 P.M.,,0
2026-01-07,77644,UPCOMING,Norton,4295,,,Dover-Sherborn,4118,,,Tri-Valley,Tri-Valley,6:30 P.M.,,0
2026-01-07,77651,UPCOMING,Medway,4243,,,Millis,4251,,,Tri-Valley,Tri-Valley,6:30 P.M.,,0
2026-01-07,78226,FINAL,North Andover,4283,40.5,0.0,Lowell,4216,59.5,1.0,Merrimack Valley,Merrimack Valley,,,0
2026-01-07,78228,FINAL,North Andover,4283,45.0,2.0,Andover,4009,45.0,2.0,Merrimack Valley,Merrimack Valley,,,0
2026-01-08,77486,FINAL,Wellesley,4413,26.5,0.0,Newton North,4279,73.5,1.0,Bay State,Bay State,4:00 P.M.,,0
2026-01-08,77500,FINAL,Brookline,4059,82.0,1.0,Framingham,4143,17.0,0.0,Bay State,Bay State,4:00 P.M.,,0
2026-01-08,77510,FINAL,Braintree,4051,35.33,0.0,Walpole,4404,64.66,1.0,Bay State,Bay State,4:00 P.M.,,0
2026-01-08,77520,UPCOMING,Dedham,4108,,,Westwood,4424,,,Tri-Valley,Tri-Valley,7:30 P.M.,,0
2026-01-08,77524,FINAL,Needham,4272,38.0,0.0,Weymouth,4425,62.0,1.0,Bay State,Bay State,4:00 P.M.,,0
2026-01-08,77541,UPCOMING,Westford,4421,,,Cambridge,4067,,,Dual County,Dual County,3:30 P.M.,,0
2026-01-08,77545,FINAL,Natick,4270,53.33,1.0,Milton,4252,46.66,0.0,Bay State,Bay State,4:00 P.M.,,0
2026-01-08,77561,UPCOMING,Concord-Carlisle,4097,,,Newton South,4280,,,Dual County,Dual County,4:00 P.M.,,0
2026-01-08,77592,FINAL,Norwood,4297,32.0,0.0,Holliston,4174,62.0,1.0,Tri-Valley,Tri-Valley,7:30 P.M.,,0
2026-01-08,77614,UPCOMING,Ashland,4015,,,Hopkinton,4180,,,Independent,Tri-Valley,7:30 P.M.,,0
2026-01-08,77647,UPCOMING,Bellingham,4033,,,Medfield,4241,,,Tri-Valley,Tri-Valley,7:30 P.M.,,0
2026-01-08,77766,FINAL,Seekonk,4344,36.0,0.0,Joseph Case,4078,59.0,1.0,South Coast,South Coast,3:30 P.M.,,0
2026-01-08,77787,FINAL,Old Rochester,4301,62.0,1.0,Somerset Berkley,4350,33.0,0.0,South Coast,South Coast,3:00 P.M.,,0
2026-01-08,78272,FINAL,Oliver Ames,4302,74.0,1.0,Foxborough,4142,26.0,0.0,Hockomock,Hockomock,,,0
2026-01-08,78276,FINAL,Foxborough,4142,17.0,0.0,Stoughton,4381,83.0,1.0,Hockomock,Hockomock,,,0
2026-01-08,78279,FINAL,Oliver Ames,4302,44.0,0.0,Stoughton,4381,56.0,1.0,Hockomock,Hockomock,,,0
2026-01-08,78281,FINAL,Milford,4249,21.0,0.0,Franklin,4144,78.0,1.0,Hockomock,Hockomock,,,0
2026-01-08,78282,FINAL,Sharon,4345,35.0,0.0,Franklin,4144,65.0,1.0,Hockomock,Hockomock,,,0
2026-01-08,78285,FINAL,Sharon,4345,26.0,0.0,Milford,4249,74.0,1.0,Hockomock,Hockomock,,,0
2026-01-08,78288,FINAL,King Philip,4197,20.0,0.0,Attleboro,4018,80.0,1.0,Hockomock,Hockomock,,,0
2026-01-08,78294,FINAL,Taunton,4388,15.0,0.0,Attleboro,4018,85.0,1.0,Hockomock,Hockomock,,,0
2026-01-08,78298,FINAL,Taunton,4388,43.0,0.0,King Philip,4197,57.0,1.0,Hockomock,Hockomock,,,0
2026-01-08,78301,FINAL,Canton,4071,35.0,0.0,Mansfield,4230,65.0,1.0,Hockomock,Hockomock,,,0
2026-01-08,78304,FINAL,North Attleborough,4284,50.0,2.0,Canton,4071,50.0,2.0,Hockomock,Hockomock,,,0
2026-01-08,78307,FINAL,North Attleborough,4284,29.0,0.0,Mansfield,4230,71.0,1.0,Hockomock,Hockomock,,,0
2026-01-08,78315,FINAL,Peabody,4306,41.0,0.0,Marblehead,4231,45.0,1.0,Northeastern,Northeastern,,,0
2026-01-08,78353,FINAL,Boston International,4547,26.0,0.0,Snowden/Quincy Upper,4452,64.0,1.0,Boston City,Boston City,,,0
2026-01-12,77637,UPCOMING,Belmont,4034,,,Woburn,4438,,,Middlesex,Middlesex,4:00 P.M.,,0
2026-01-12,77642,UPCOMING,Burlington,4065,,,Wakefield,4402,,,Middlesex,Middlesex,4:00 P.M.,,0
2026-01-12,77655,UPCOMING,Lexington,4209,,,Reading,4328,,,Middlesex,Middlesex,4:00 P.M.,,0
2026-01-12,77731,UPCOMING,Randolph,4327,,,Norwell,4296,,,South Shore,South Shore,4:00 P.M.,,0
2026-01-13,77613,UPCOMING,Arlington,4013,,,Bishop Fenwick,4043,,,Middlesex,Catholic Central,7:30 P.M.,,0
2026-01-13,77662,UPCOMING,Manchester Essex,4229,,,Amesbury,4007,,,Cape Ann,Cape Ann,5:00 P.M.,,0
2026-01-13,77671,UPCOMING,Essex Tech,4745,,,North Reading,4288,,,Cape Ann,Cape Ann,5:00 P.M.,,0
2026-01-13,77686,FINAL,Hamilton-Wenham,4163,44,0,Ipswich,4190,56,1,Cape Ann,Cape Ann,5:00 P.M.,,0
2026-01-13,77710,UPCOMING,Newburyport,4276,,,Triton,4395,,,Cape Ann,Cape Ann,5:00 P.M.,,0
2026-01-13,77713,FINAL,Dennis-Yarmouth,4111,65.5,1,Nauset,4271,34.5,0,Cape & Islands,Cape & Islands,3:00 P.M.,,0
2026-01-13,77723,UPCOMING,Falmouth,4134,,,Martha’s Vineyard,4235,,,Cape & Islands,Cape & Islands,3:00 P.M.,,0
2026-01-13,77739,UPCOMING,Sandwich,4340,,,St. John Paul II,4689,,,Cape & Islands,Catholic Central,3:30 P.M.,,0
2026-01-13,77789,FINAL,Somerset Berkley,4350,42,0,Greater New Bedford,4156,53,1,South Coast,South Coast,6:30 P.M.,,0
2026-01-13,78110,UPCOMING,West Bridgewater,4415,,,Joseph Case,4078,,,South Coast,South Coast,3:00 P.M.,,0
2026-01-13,79896,FINAL,Cardinal Spellman,4075,44,0,St. Mary’s,4374,56,1,Tri-County,Catholic Central,,,0
2026-01-13,79898,FINAL,Arlington Catholic,4014,,,Bishop Fenwick,4043,,,Catholic Central,Catholic Central,,,0
2026-01-13,79901,FINAL,Cristo Rey,4453,10,0,Archbishop Williams,4012,86,1,Catholic Central,Catholic Central,,,0
2026-01-14,77544,FINAL,Cambridge,4067,50,2,Newton South,4280,50,2,Dual County,Dual County,3:30 P.M.,,0
2026-01-14,77566,UPCOMING,Westford,4421,,,Lincoln-Sudbury,4211,,,Dual County,Dual County,3:30 P.M.,,0
2026-01-14,77595,UPCOMING,Bedford,4031,,,Wayland,4411,,,Dual County,Dual County,3:30 P.M.,,0
2026-01-14,77602,UPCOMING,Waltham,4405,,,Boston Latin,4049,,,Dual County,Dual County,3:30 P.M.,,0
2026-01-14,77604,UPCOMING,Wayland,4411,,,Boston Latin,4049,,,Dual County,Dual County,4:00 P.M.,,0
2026-01-14,77645,UPCOMING,Norton,4295,,,Bellingham,4033,,,Tri-Valley,Tri-Valley,6:30 P.M.,,0
2026-01-14,77660,UPCOMING,Melrose,4244,,,Stoneham,4380,,,Middlesex,Middlesex,4:00 P.M.,,0
2026-01-14,77666,UPCOMING,Watertown,4409,,,Wilmington,4432,,,Middlesex,Middlesex,4:00 P.M.,,0
2026-01-14,77676,UPCOMING,Arlington,4013,,,Winchester,4434,,,Middlesex,Middlesex,4:00 P.M.,,0
2026-01-14,80137,UPCOMING,Peabody,4306,,,Danvers,4103,,,Northeastern,Northeastern,4:30 P.M.,,0
2026-01-14,80207,FINAL,Bishop Feehan,4042,63,1,Wareham,4407,33,0,Mayflower,Mayflower,,,0
2026-01-14,80356,FINAL,North Andover,4283,48,0,Central Catholic,4081,51,1,Merrimack Valley,Merrimack Valley,,,0
2026-01-14,80357,FINAL,Millis,4251,6,0,Dover-Sherborn,4118,84,1,Tri-Valley,Tri-Valley,6:30 P.M.,,0
2026-01-15,77495,FINAL,Brookline,4059,61,1,Newton North,4279,39,0,Bay State,Bay State,4:00 P.M.,,0
2026-01-15,77511,FINAL,Braintree,4051,59,1,Milton,4252,40,0,Bay State,Bay State,4:00 P.M.,,0
2026-01-15,77532,FINAL,Needham,4272,38,0,Wellesley,4413,62,1,Bay State,Bay State,4:00 P.M.,,0
2026-01-15,77563,FINAL,Natick,4270,64,1,Framingham,4143,36,0,Bay State,Bay State,4:00 P.M.,,0
2026-01-15,78106,UPCOMING,Bourne,4050,,,Fairhaven,4133,,,South Coast,South Coast,6:30 P.M.,,0
2026-01-15,78113,UPCOMING,Old Rochester,4301,,,Dighton-Rehoboth,4114,,,South Coast,South Coast,3:15 P.M.,,0
2026-01-15,80606,FINAL,Weymouth,4425,32,0,Walpole,4404,68,1,Bay State,Bay State,,,0
2026-01-15,80639,FINAL,Canton,4071,48,0,Oliver Ames,4302,52,1,Hockomock,Hockomock,,,0
2026-01-15,80650,FINAL,Gloucester,4150,60,1,Salem,4336,19,0,Northeastern,Northeastern,,,0
2026-01-15,80661,FINAL,Madison Park,4225,10,0,Snowden/Quincy Upper,4452,45,1,Boston City,Boston City,,,0
2026-01-15,80663,FINAL,East Boston,4125,15,0,Latin Academy,4202,78,1,Boston City,Boston City,,,0
2026-01-15,80666,FINAL,Brighton,4055,41,0,O’Bryant,4298,59,1,Boston City,Boston City,,,0
2026-01-15,80669,FINAL,Boston International,4547,64,1,New Mission,4494,20,0,Boston City,Boston City,,,0
2026-01-19,78108,UPCOMING,Apponequet,4011,,,Bourne,4050,,,South Coast,South Coast,2:00 P.M.,,0
2026-01-20,77617,UPCOMING,Archbishop Williams,4012,,,Arlington,4013,,,Catholic Central,Middlesex,4:00 P.M.,,0
2026-01-20,77623,UPCOMING,Arlington,4013,,,Bishop Fenwick,4043,,,Middlesex,Catholic Central,4:00 P.M.,,0
2026-01-20,77624,UPCOMING,Arlington,4013,,,Cristo Rey,4453,,,Middlesex,Catholic Central,4:00 P.M.,,0
2026-01-20,77628,UPCOMING,Arlington,4013,,,St. Mary’s,4374,,,Middlesex,Catholic Central,4:00 P.M.,,0
2026-01-20,77664,UPCOMING,Hamilton-Wenham,4163,,,Amesbury,4007,,,Cape Ann,Cape Ann,5:00 P.M.,,0
2026-01-20,77673,UPCOMING,Newburyport,4276,,,Essex Tech,4745,,,Cape Ann,Cape Ann,5:00 P.M.,,0
2026-01-20,77693,FINAL,Ipswich,4190,53,1,Lynnfield,4223,47,0,Cape Ann,Cape Ann,5:00 P.M.,,0
2026-01-20,77721,UPCOMING,North Reading,4288,,,Pentucket,4309,,,Cape Ann,Cape Ann,5:00 P.M.,,0
2026-01-20,77730,UPCOMING,Nantucket,4265,,,Martha’s Vineyard,4235,,,Cape & Islands,Cape & Islands,3:00 P.M.,,0
2026-01-21,77571,UPCOMING,Westford,4421,,,Newton South,4280,,,Dual County,Dual County,3:30 P.M.,,0
2026-01-21,77597,UPCOMING,Bedford,4031,,,Weston,4423,,,Dual County,Dual County,3:30 P.M.,,0
2026-01-21,77600,UPCOMING,Bedford,4031,,,Boston Latin,4049,,,Dual County,Dual County,3:30 P.M.,,0
2026-01-21,77609,UPCOMING,Wayland,4411,,,Waltham,4405,,,Dual County,Dual County,3:30 P.M.,,0
2026-01-21,81994,FINAL,Snowden/Quincy Upper,4452,46,1,New Mission,4494,10,0,Boston City,Boston City,,,0
2026-01-21,81996,FINAL,O’Bryant,4298,60,1,East Boston,4125,17,0,Boston City,Boston City,,,0
2026-01-21,81998,FINAL,Madison Park,4225,28,1,CASH,4187,14,0,Boston City,Boston City,,,0
2026-01-21,82000,FINAL,TechBoston,4117,62,1,Brighton,4055,28,0,Boston City,Boston City,,,0
2026-01-21,82002,FINAL,Charlestown,4084,19,0,Boston International,4547,54,1,Boston City,Boston City,,,0
2026-01-22,77497,FINAL,Natick,4270,27,0,Newton North,4279,72,1,Bay State,Bay State,4:00 P.M.,,0
2026-01-22,77505,FINAL,Brookline,4059,72,1,Wellesley,4413,28,0,Bay State,Bay State,4:00 P.M.,,0
2026-01-22,77519,FINAL,Needham,4272,48,0,Braintree,4051,52,1,Bay State,Bay State,4:00 P.M.,,0
2026-01-22,77548,FINAL,Milton,4252,40,0,Walpole,4404,60,1,Bay State,Bay State,4:00 P.M.,,0
2026-01-22,77585,UPCOMING,Holliston,4174,,,Dedham,4108,,,Tri-Valley,Tri-Valley,7:30 P.M.,,0
2026-01-22,77627,UPCOMING,Hopkinton,4180,,,Norwood,4297,,,Tri-Valley,Tri-Valley,7:30 P.M.,,0
2026-01-22,77635,UPCOMING,Westwood,4424,,,Ashland,4015,,,Tri-Valley,Independent,7:30 P.M.,,0
2026-01-22,77649,UPCOMING,Millis,4251,,,Dover-Sherborn,4118,,,Tri-Valley,Tri-Valley,7:30 P.M.,,0
2026-01-22,77654,UPCOMING,Medfield,4241,,,Medway,4243,,,Tri-Valley,Tri-Valley,7:30 P.M.,,0
2026-01-22,82326,FINAL,Weymouth,4425,56,1,Framingham,4143,44,0,Bay State,Bay State,,,0
2026-01-22,82343,FINAL,Franklin,4144,32,0,Attleboro,4018,68,1,Hockomock,Hockomock,,,0
2026-01-22,82344,FINAL,Foxborough,4142,42,0,Canton,4071,58,1,Hockomock,Hockomock,,,0
2026-01-22,82345,FINAL,Milford,4249,25,0,King Philip,4197,74,1,Hockomock,Hockomock,,,0
2026-01-22,82346,FINAL,Mansfield,4230,47,0,Oliver Ames,4302,52,1,Hockomock,Hockomock,,,0
2026-01-22,82348,FINAL,North Attleborough,4284,15,0,Stoughton,4381,85,1,Hockomock,Hockomock,,,0
2026-01-22,82349,FINAL,Taunton,4388,46,0,Sharon,4345,54,1,Hockomock,Hockomock,,,0
2026-01-23,77779,UPCOMING,Chelsea,4086,,,Lynn Classical,4220,,,Independent,Greater Boston,4:30 P.M.,,0
2026-01-23,78102,UPCOMING,Lynn English,4221,,,Malden,4227,,,Greater Boston,Greater Boston,4:30 P.M.,,0
2026-01-23,78105,UPCOMING,Somerville,4351,,,Revere,4329,,,Greater Boston,Greater Boston,4:30 P.M.,,0
2026-01-26,77716,UPCOMING,Abington,4002,,,Carver,4077,,,South Shore,South Shore,4:00 P.M.,,0
2026-01-26,77725,UPCOMING,Mashpee,4237,,,Hull,4184,,,South Shore,South Shore,4:00 P.M.,,0
2026-01-26,77729,UPCOMING,Randolph,4327,,,Middleborough,4247,,,South Shore,South Shore,4:00 P.M.,,0
2026-01-27,77631,UPCOMING,Arlington,4013,,,Cardinal Spellman,4075,,,Middlesex,Tri-County,4:00 P.M.,,0
2026-01-30,77784,UPCOMING,Somerville,4351,,,Lynn Classical,4220,,,Greater Boston,Greater Boston,4:00 P.M.,,0
2026-01-30,77785,UPCOMING,Lynn English,4221,,,Lynn Classical,4220,,,Greater Boston,Greater Boston,4:00 P.M.,,0
