date,game_id,status,home_team,home_team_id,home_score,home_outcome,visitor_team,visitor_team_id,visitor_score,visitor_outcome,home_conference,visitor_conference,time,overtime,is_shootout_win
2025-12-22,65665,FINAL,Brookline,4059,52.0,1.0,Newton North,4279,51.0,0.0,Bay State,Bay State,6:00 P.M.,,0
2025-12-22,65830,FINAL,Natick,4270,80.0,1.0,Algonquin,4005,29.0,0.0,Bay State,Mid-Wach,6:30 P.M.,,0
2025-12-22,65851,FINAL,Milton,4252,30.0,0.0,Braintree,4051,42.0,1.0,Bay State,Bay State,6:30 P.M.,,0
2025-12-22,65881,FINAL,Marblehead,4231,49.0,1.0,Revere,4329,22.0,0.0,Northeastern,Greater Boston,7:00 P.M.,,0
2025-12-22,66000,FINAL,Peabody,4306,49.0,1.0,North Andover,4283,39.0,0.0,Northeastern,Merrimack Valley,7:00 P.M.,,0
2025-12-22,66216,FINAL,Swampscott,4383,40.0,1.0,Tewksbury,4389,34.0,0.0,Northeastern,Merrimack Valley,6:30 P.M.,,0
2025-12-22,66243,FINAL,Malden,4227,51.0,1.0,Northeast,4293,17.0,0.0,Greater Boston,Commonwealth,6:00 P.M.,,0
2025-12-22,66253,FINAL,Somerville,4351,47.0,1.0,Concord-Carlisle,4097,34.0,0.0,Greater Boston,Dual County,7:00 P.M.,,0
2025-12-22,66259,FINAL,Attleboro,4018,38.0,0.0,Taunton,4388,40.0,1.0,Hockomock,Hockomock,6:00 P.M.,,0
2025-12-22,66266,FINAL,King Philip,4197,72.0,1.0,Franklin,4144,49.0,0.0,Hockomock,Hockomock,6:00 P.M.,,0
2025-12-22,66274,FINAL,Sharon,4345,41.0,0.0,Milford,4249,52.0,1.0,Hockomock,Hockomock,6:30 P.M.,,0
2025-12-22,66287,FINAL,Canton,4071,28.0,0.0,Foxborough,4142,68.0,1.0,Hockomock,Hockomock,6:30 P.M.,,0
2025-12-22,66295,FINAL,Mansfield,4230,42.0,1.0,Oliver Ames,4302,23.0,0.0,Hockomock,Hockomock,6:30 P.M.,,0
2025-12-22,66303,FINAL,Stoughton,4381,25.0,0.0,North Attleborough,4284,58.0,1.0,Hockomock,Hockomock,5:00 P.M.,,0
2025-12-22,66446,FINAL,Hopedale,4507,53.0,1.0,Ashland,4015,50.0,0.0,Independent,Tri-Valley,6:30 P.M.,,0
2025-12-22,66454,FINAL,Grafton,4153,67.0,1.0,Holliston,4174,41.0,0.0,Independent,Tri-Valley,6:00 P.M.,,0
2025-12-22,66481,FINAL,Bellingham,4033,48.0,1.0,Dedham,4108,43.0,0.0,Tri-Valley,Tri-Valley,6:00 P.M.,,0
2025-12-22,66517,UPCOMING,Woburn,4438,,,Belmont,4034,,,Middlesex,Middlesex,5:00 P.M.,,0
2025-12-22,66521,FINAL,Norwood,4297,51.0,1.0,Norton,4295,23.0,0.0,Tri-Valley,Tri-Valley,6:00 P.M.,,0
2025-12-22,66537,FINAL,Winchester,4434,42.0,1.0,Lexington,4209,29.0,0.0,Middlesex,Middlesex,5:15 P.M.,,0
2025-12-22,66556,FINAL,Arlington,4013,44.0,1.0,Reading,4328,31.0,0.0,Middlesex,Middlesex,5:30 P.M.,,0
2025-12-22,66604,FINAL,Burlington,4065,36.0,0.0,Wakefield,4402,40.0,1.0,Middlesex,Middlesex,5:30 P.M.,,0
2025-12-22,66646,FINAL,Wilmington,4432,63.0,1.0,Melrose,4244,61.0,0.0,Middlesex,Middlesex,5:30 P.M.,,0
2025-12-22,66663,FINAL,Argosy Collegiate,5032,28.0,0.0,Atlantis Charter,4818,67.0,1.0,Charter School Athletic,Independent,5:00 P.M.,,0
2025-12-22,66760,FINAL,Stoneham,4380,38.0,0.0,Watertown,4409,50.0,1.0,Middlesex,Middlesex,6:00 P.M.,,0
2025-12-22,66786,UPCOMING,Weymouth,4425,,,Cambridge,4067,,,Bay State,Dual County,5:00 P.M.,,0
2025-12-22,66820,FINAL,Lincoln-Sudbury,4211,30.0,0.0,Shrewsbury,4348,31.0,1.0,Dual County,Mid-Wach,6:00 P.M.,,0
2025-12-22,66877,FINAL,Newton South,4280,43.0,0.0,Worcester South,4444,48.0,1.0,Dual County,Independent,6:30 P.M.,,0
2025-12-22,66898,FINAL,Bedford,4031,67.0,1.0,Beverly,4038,47.0,0.0,Dual County,Northeastern,6:00 P.M.,,0
2025-12-22,66903,FINAL,Malden Catholic,4228,43.0,0.0,Waltham,4405,53.0,1.0,Catholic Conference,Dual County,6:30 P.M.,,0
2025-12-22,66969,FINAL,Chelmsford,4085,28.0,1.0,Greater Lawrence,4154,17.0,0.0,Merrimack Valley,Commonwealth,7:00 P.M.,,0
2025-12-22,67019,FINAL,Methuen,4246,65.0,1.0,Whittier,4428,42.0,0.0,Merrimack Valley,Commonwealth,6:30 P.M.,,0
2025-12-22,67046,FINAL,Latin Academy,4202,29.0,0.0,Haverhill,4167,68.0,1.0,Boston City,Merrimack Valley,6:00 P.M.,,0
2025-12-22,67092,FINAL,Essex Tech,4745,20.0,0.0,North Reading,4288,63.0,1.0,Cape Ann,Cape Ann,6:30 P.M.,,0
2025-12-22,67101,FINAL,Lynnfield,4223,21.0,0.0,Pentucket,4309,42.0,1.0,Cape Ann,Cape Ann,5:30 P.M.,,0
2025-12-22,67160,FINAL,New Heights Charter,5088,53.0,1.0,Southeastern,4358,48.0,0.0,Charter School Athletic,Mayflower,3:30 P.M.,,0
2025-12-22,67178,FINAL,Rockport,4490,55.0,1.0,Pioneer Charter II,4964,24.0,0.0,Independent,Charter School Athletic,5:00 P.M.,,0
2025-12-22,67187,UPCOMING,Roxbury Prep,4847,,,Randolph,4327,,,Charter School Athletic,South Shore,4:30 P.M.,,0
2025-12-22,67235,FINAL,Abington,4002,50.0,1.0,Calvary Chapel,4828,32.0,0.0,South Shore,Independent,6:30 P.M.,,0
2025-12-22,67243,FINAL,Notre Dame (Hingham),4449,62.0,1.0,Dennis-Yarmouth,4111,14.0,0.0,Catholic Conference,Cape & Islands,6:30 P.M.,,0
2025-12-22,67259,FINAL,Somerset Berkley,4350,28.0,0.0,Archbishop Williams,4012,69.0,1.0,South Coast,Catholic Central,6:30 P.M.,,0
2025-12-22,67274,FINAL,West Bridgewater,4415,58.0,1.0,Cardinal Spellman,4075,34.0,0.0,South Coast,Catholic Central,5:00 P.M.,,0
2025-12-22,67287,FINAL,Bishop Stang,4045,20.0,0.0,Bristol-Plymouth,4057,30.0,1.0,Catholic Central,Mayflower,6:00 P.M.,,0
2025-12-22,67320,FINAL,Newburyport,4276,48.0,1.0,Triton,4395,25.0,0.0,Cape Ann,Cape Ann,6:30 P.M.,,0
2025-12-22,67329,FINAL,Ipswich,4190,23.0,0.0,Amesbury,4007,54.0,1.0,Cape Ann,Cape Ann,6:00 P.M.,,0
2025-12-22,67347,FINAL,Manchester Essex,4229,68.0,1.0,Hamilton-Wenham,4163,45.0,0.0,Cape Ann,Cape Ann,6:30 P.M.,,0
2025-12-22,67363,FINAL,Brockton,4058,47.0,1.0,New Mission,4494,34.0,0.0,Big Three,Boston City,6:30 P.M.,,0
2025-12-22,67393,FINAL,New Bedford,4273,49.0,1.0,Bourne,4050,34.0,0.0,Big Three,South Coast,6:30 P.M.,,0
2025-12-22,67404,POSTPONED,Old Colony,4300,,,Avon,4460,,,Mayflower,Mayflower,3:30 P.M.,,0
2025-12-22,67415,FINAL,Blue Hills,4047,43.0,0.0,Wareham,4407,45.0,1.0,Mayflower,Mayflower,5:00 P.M.,,0
2025-12-22,67423,UPCOMING,Westport,4461,,,Dighton-Rehoboth,4114,,,Mayflower,South Coast,5:00 P.M.,,0
2025-12-22,67441,FINAL,Diman,4115,20.0,0.0,Joseph Case,4078,51.0,1.0,Mayflower,South Coast,5:00 P.M.,,0
2025-12-22,67456,FINAL,Cape Cod Tech,4073,28.0,0.0,Tri-County,4392,33.0,1.0,Mayflower,Mayflower,5:00 P.M.,,0
2025-12-22,67467,FINAL,Holbrook,4172,29.0,0.0,Norfolk Aggie,4458,37.0,1.0,Mayflower,Mayflower,5:00 P.M.,,0
2025-12-22,67470,UPCOMING,South Shore Voc-Tech,4356,,,Upper Cape,4457,,,Mayflower,Mayflower,6:30 P.M.,,0
2025-12-22,68403,FINAL,Barnstable,4024,47.0,1.0,Nauset,4271,21.0,0.0,Pioneer,Cape & Islands,6:30 P.M.,,0
2025-12-22,68440,FINAL,Falmouth,4134,28.0,0.0,Old Rochester,4301,37.0,1.0,Cape & Islands,South Coast,6:30 P.M.,,0
2025-12-22,68466,FINAL,Martha’s Vineyard,4235,42.0,1.0,Fairhaven,4133,21.0,0.0,Cape & Islands,South Coast,4:30 P.M.,,0
2025-12-22,68544,FINAL,Duxbury,4123,44.0,1.0,Hanover,4164,34.0,0.0,Patriot,Patriot,6:30 P.M.,,0
2025-12-22,68554,FINAL,Marshfield,4234,42.0,0.0,Pembroke,4308,48.0,1.0,Patriot,Patriot,6:30 P.M.,,0
2025-12-22,68599,FINAL,Hingham,4171,69.0,1.0,Plymouth South,4316,40.0,0.0,Patriot,Patriot,6:30 P.M.,,0
2025-12-22,68606,FINAL,Whitman-Hanson,4427,50.0,1.0,Quincy,4326,40.0,0.0,Patriot,Patriot,6:30 P.M.,,0
2025-12-22,68675,FINAL,Mashpee,4237,47.0,1.0,Middleborough,4247,39.0,0.0,South Shore,South Shore,5:30 P.M.,,0
2025-12-22,68930,FINAL,Main South,4514,17.0,0.0,Fitchburg,4139,52.0,1.0,Independent,Mid-Wach,6:30 P.M.,,0
2025-12-22,68959,UPCOMING,Marlborough,4233,,,Nashoba,4267,,,Mid-Wach,Mid-Wach,6:00 P.M.,,0
2025-12-22,68985,FINAL,Auburn,4019,37.0,0.0,Westborough,4418,48.0,1.0,Independent,Mid-Wach,7:00 P.M.,,0
2025-12-22,68996,FINAL,Narragansett,4266,27.0,0.0,Gardner,4147,51.0,1.0,Mid-Wach,Mid-Wach,,,0
2025-12-22,69006,FINAL,North Middlesex,4286,25.0,0.0,Lunenburg,4219,46.0,1.0,Mid-Wach,Mid-Wach,5:30 P.M.,,0
2025-12-22,69024,FINAL,Bromfield,4505,34.0,1.0,Murdock,4263,33.0,0.0,Mid-Wach,Independent,5:00 P.M.,,0
2025-12-23,65884,FINAL,Marblehead,4231,41.0,1.0,Shawsheen,4346,28.0,0.0,Northeastern,Commonwealth,7:00 P.M.,,0
2025-12-23,66204,FINAL,Triton,4395,50.0,1.0,Gloucester,4150,32.0,0.0,Cape Ann,Northeastern,5:30 P.M.,,0
2025-12-23,66221,FINAL,Winthrop,4437,25.0,0.0,Arlington Catholic,4014,69.0,1.0,Northeastern,Catholic Central,5:30 P.M.,,0
2025-12-23,66230,FINAL,Chelsea,4086,46.0,0.0,Malden,4227,61.0,1.0,Greater Boston,Greater Boston,2:00 P.M.,,0
2025-12-23,66248,FINAL,Medford,4242,45.0,1.0,Revere,4329,34.0,0.0,Greater Boston,Greater Boston,6:00 P.M.,,0
2025-12-23,66447,FINAL,Medfield,4241,77.0,1.0,Ashland,4015,19.0,0.0,Tri-Valley,Tri-Valley,6:00 P.M.,,0
2025-12-23,66457,FINAL,Holliston,4174,25.0,0.0,Medway,4243,62.0,1.0,Tri-Valley,Tri-Valley,6:00 P.M.,,0
2025-12-23,66496,FINAL,Millis,4251,36.0,0.0,Hopkinton,4180,42.0,1.0,Tri-Valley,Tri-Valley,5:30 P.M.,,0
2025-12-23,66534,FINAL,Needham,4272,59.0,1.0,Walpole,4404,56.0,0.0,Bay State,Bay State,6:30 P.M.,,0
2025-12-23,66570,FINAL,Dover-Sherborn,4118,47.0,0.0,Westwood,4424,52.0,1.0,Tri-Valley,Tri-Valley,5:30 P.M.,,0
2025-12-23,66778,FINAL,St. Mary’s,4374,56.0,1.0,Acton-Boxborough,4003,50.0,0.0,Catholic Central,Dual County,6:30 P.M.,,0
2025-12-23,66894,FINAL,Westford,4421,34.0,1.0,Billerica,4040,32.0,0.0,Dual County,Merrimack Valley,5:30 P.M.,,0
2025-12-23,67007,FINAL,Greater Lowell,4155,28.0,0.0,Lowell,4216,52.0,1.0,Commonwealth,Merrimack Valley,1:30 P.M.,,0
2025-12-23,67051,POSTPONED,Haverhill,4167,,,North Middlesex,4286,,,Merrimack Valley,Mid-Wach,4:00 P.M.,,0
2025-12-23,67061,FINAL,Lawrence,4203,39.0,0.0,Durfee,4122,64.0,1.0,Merrimack Valley,Big Three,1:00 P.M.,,0
2025-12-23,67173,FINAL,Mystic Valley,4264,43.0,1.0,Pioneer Charter I,4701,37.0,0.0,Commonwealth,Charter School Athletic,7:00 P.M.,,0
2025-12-23,67218,POSTPONED,Notre Dame Cristo Rey,5127,,,Cristo Rey,4453,,,Commonwealth,Independent,4:00 P.M.,,0
2025-12-23,67245,FINAL,Scituate,4343,45.0,1.0,Notre Dame (Hingham),4449,27.0,0.0,Patriot,Catholic Conference,2:00 P.M.,,0
2025-12-23,67270,FINAL,Bishop Feehan,4042,57.0,1.0,Cathedral,4079,48.0,0.0,Catholic Central,Catholic Central,5:00 P.M.,,0
2025-12-23,67426,FINAL,Westport,4461,29.0,0.0,Seekonk,4344,56.0,1.0,Mayflower,South Coast,5:00 P.M.,,0
2025-12-23,68416,FINAL,Dartmouth,4105,60.0,1.0,Greater New Bedford,4156,57.0,0.0,Pioneer,South Coast,5:00 P.M.,,0
2025-12-23,68522,FINAL,Sandwich,4340,22.0,0.0,Plymouth South,4316,47.0,1.0,Cape & Islands,Patriot,6:30 P.M.,,0
2025-12-23,68551,FINAL,Silver Lake,4349,23.0,0.0,North Quincy,4287,43.0,1.0,Patriot,Patriot,5:00 P.M.,,0
2025-12-23,68555,FINAL,Norwell,4296,38.0,1.0,Pembroke,4308,35.0,0.0,South Shore,Patriot,6:30 P.M.,,0
2025-12-23,68650,FINAL,Abington,4002,59.0,1.0,Carver,4077,52.0,0.0,South Shore,South Shore,5:00 P.M.,,0
2025-12-23,68668,FINAL,Rockland,4331,26.0,0.0,East Bridgewater,4126,54.0,1.0,South Shore,South Shore,3:00 P.M.,,0
2025-12-23,68755,FINAL,Groton-Dunstable,4160,33.0,0.0,Leominster,4208,47.0,1.0,Mid-Wach,Mid-Wach,6:00 P.M.,,0
2025-12-23,68900,FINAL,Wachusett,4400,65.0,1.0,Bishop Guertin (N.H.),4501,50.0,0.0,Mid-Wach,Independent,6:30 P.M.,,0
2025-12-23,68999,FINAL,Lunenburg,4219,56.0,1.0,Hudson,4182,48.0,0.0,Mid-Wach,Mid-Wach,6:30 P.M.,,0
2025-12-23,69016,FINAL,Maynard,4239,57.0,1.0,Quabbin,4325,26.0,0.0,Mid-Wach,Mid-Wach,7:00 P.M.,,0
2025-12-23,69048,FINAL,Ayer Shirley,4022,15.0,0.0,Tahanto,4513,67.0,1.0,Mid-Wach,Mid-Wach,6:00 P.M.,,0
2025-12-23,72345,FINAL,Nantucket,4265,48.0,0.0,Monomoy,4706,56.0,1.0,Cape & Islands,Cape & Islands,2:00 P.M.,,0
2025-12-23,72750,FINAL,Athol,4017,40.0,1.0,Duggan Academy,4843,21.0,0.0,Independent,Independent,5:00 P.M.,,0
2025-12-23,72798,FINAL,Hudson,4182,48.0,0.0,Lunenburg,4219,56.0,1.0,Mid-Wach,Mid-Wach,,,0
2025-12-23,73870,POSTPONED,Fontbonne,4447,,,Dracut,4119,,,Catholic Conference,Merrimack Valley,7:00 P.M.,,0
2025-12-26,67374,FINAL,Rockport,4490,43,1,Northeast,4293,17,0,Independent,Commonwealth,4:00 P.M.,,0
2025-12-26,71535,FINAL,Lake Region (Maine),4713,30,0,Franklin,4144,44,1,Independent,Hockomock,5:00 P.M.,,0
2025-12-26,74168,FINAL,Tahanto,4513,78,1,West Boylston,4414,29,0,Mid-Wach,Mid-Wach,7:00 P.M.,,0
2025-12-27,66633,FINAL,Hopkinton,4180,74,1,Medford,4242,37,0,Tri-Valley,Greater Boston,1:00 P.M.,,0
2025-12-27,66970,FINAL,Tewksbury,4389,37,1,Chelmsford,4085,34,0,Merrimack Valley,Merrimack Valley,5:00 P.M.,,0
2025-12-27,67037,FINAL,Pentucket,4309,43,1,North Andover,4283,32,0,Cape Ann,Merrimack Valley,2:30 P.M.,,0
2025-12-27,68768,FINAL,Tantasqua,4387,36,0,Shepherd Hill,4347,47,1,Independent,Mid-Wach,1:00 P.M.,,0
2025-12-27,71160,FINAL,O’Bryant,4298,51,1,Somerville,4351,49,0,Boston City,Greater Boston,3:00 P.M.,,0
2025-12-27,71545,FINAL,Biddeford (Maine),5236,72,1,Franklin,4144,35,0,Independent,Hockomock,1:30 P.M.,,0
2025-12-27,73896,FINAL,North Reading,4288,42,1,Malden Catholic,4228,19,0,Cape Ann,Catholic Conference,4:00 P.M.,,0
2025-12-27,74173,FINAL,Quincy,4326,70,1,Weymouth,4425,28,0,Patriot,Bay State,2:30 P.M.,,0
2025-12-27,74260,FINAL,Bedford,4031,42,0,Burlington,4065,55,1,Dual County,Middlesex,1:30 P.M.,,0
2025-12-27,74343,FINAL,Milford,4249,45,1,Algonquin,4005,33,0,Hockomock,Mid-Wach,3:00 P.M.,,0
2025-12-27,74349,FINAL,Cohasset,4094,42,0,Braintree,4051,55,1,South Shore,Bay State,2:00 P.M.,,0
2025-12-27,74350,FINAL,Georgetown,4148,44,0,Archbishop Williams,4012,84,1,Cape Ann,Catholic Central,4:00 P.M.,,0
2025-12-27,74353,FINAL,Natick,4270,72,1,Central Catholic,4081,57,0,Bay State,Merrimack Valley,5:00 P.M.,,0
2025-12-27,74355,FINAL,Westford,4421,50,0,Bridgewater-Raynham,4053,52,1,Dual County,Pioneer,6:45 P.M.,,0
2025-12-27,74356,FINAL,Tyngsborough,4397,31,0,St. Mary’s,4374,59,1,Mid-Wach,Catholic Central,5:30 P.M.,,0
2025-12-27,74358,FINAL,Melrose,4244,57,1,Beverly,4038,43,0,Middlesex,Northeastern,2:30 P.M.,,0
2025-12-27,74555,FINAL,Clinton,4093,54,1,Tahanto,4513,52,0,Mid-Wach,Mid-Wach,,,0
2025-12-27,74556,FINAL,Bedford (N.H.),4742,29,0,Medfield,4241,62,1,Independent,Tri-Valley,,,0
2025-12-27,74564,FINAL,Apponequet,4011,61,1,Dartmouth,4105,43,0,South Coast,Pioneer,,,0
2025-12-27,74585,FINAL,Andover,4009,57,1,Methuen,4246,25,0,Merrimack Valley,Merrimack Valley,4:00 P.M.,,0
2025-12-27,76169,FINAL,St. John Paul II,4689,51,1,Upper Cape,4457,18,0,Cape & Islands,Mayflower,,,0
2025-12-27,76182,FINAL,Cape Cod Tech,4073,27,0,Martha’s Vineyard,4235,44,1,Mayflower,Cape & Islands,,,0
2025-12-27,76212,FINAL,Greater New Bedford,4156,57,1,Southeastern,4358,53,0,South Coast,Mayflower,,,0
2025-12-28,67022,FINAL,Bridgewater-Raynham,4053,39,0,Andover,4009,48,1,Pioneer,Merrimack Valley,4:15 P.M.,,0
2025-12-28,71110,FINAL,Whittier,4428,53,1,Bay Path,4027,17,0,Commonwealth,Independent,10:00 A.M.,,0
2025-12-28,73873,FINAL,Mansfield,4230,54,1,Fontbonne,4447,32,0,Hockomock,Catholic Conference,1:30 P.M.,,0
2025-12-28,74263,FINAL,Pinkerton (N.H.),4313,24,0,Medfield,4241,76,1,Independent,Tri-Valley,3:30 P.M.,,0
2025-12-28,74641,FINAL,Pentucket,4309,42,0,Natick,4270,56,1,Cape Ann,Bay State,2:30 P.M.,,0
2025-12-28,74697,FINAL,Oliver Ames,4302,53,0,Walpole,4404,56,1,Hockomock,Bay State,,,0
2025-12-28,74728,FINAL,Bedford,4031,55,1,Chelmsford,4085,43,0,Dual County,Merrimack Valley,,,0
2025-12-28,74729,FINAL,Silver Lake,4349,30,0,Bishop Fenwick,4043,47,1,Patriot,Catholic Central,2:00 P.M.,,0
2025-12-28,74734,FINAL,Tewksbury,4389,32,0,Burlington,4065,33,1,Merrimack Valley,Middlesex,5:00 P.M.,,0
2025-12-28,74747,FINAL,Hopkinton,4180,41,1,Milford,4249,32,0,Tri-Valley,Hockomock,,,0
2025-12-28,74748,FINAL,Londonderry (N.H.),4213,41,1,Bishop Feehan,4042,34,0,Independent,Catholic Central,,,0
2025-12-28,74760,FINAL,Neighborhood House Charter,5035,50,1,New Mission,4494,43,0,Charter School Athletic,Boston City,,,0
2025-12-28,74761,FINAL,Millbury,4250,39,0,Woburn,4438,44,1,Independent,Middlesex,,,0
2025-12-28,75153,FINAL,Norwell,4296,56,1,Marshfield,4234,37,0,South Shore,Patriot,3:30 P.M.,,0
2025-12-28,75175,FINAL,Westford,4421,54,1,Methuen,4246,36,0,Dual County,Merrimack Valley,,,0
2025-12-28,75291,FINAL,Newton South,4280,43,0,Newton North,4279,53,1,Dual County,Bay State,,,0
2025-12-28,75921,FINAL,Reading,4328,48,1,Saugus,4341,46,0,Middlesex,Northeastern,,,0
2025-12-28,76089,FINAL,Central Catholic,4081,56,1,North Andover,4283,33,0,Merrimack Valley,Merrimack Valley,,,0
2025-12-29,66533,FINAL,Ashland,4015,55,1,Weston,4423,28,0,Tri-Valley,Dual County,12:45 P.M.,,0
2025-12-29,71121,FINAL,Whittier,4428,62,1,Lawrence,4203,53,0,Commonwealth,Merrimack Valley,1:00 P.M.,,0
2025-12-29,71249,FINAL,Greater Lawrence,4154,50,1,Malden,4227,28,0,Commonwealth,Greater Boston,3:30 P.M.,,0
2025-12-29,71288,UPCOMING,Mystic Valley,4264,,,KIPP,4703,,,Commonwealth,Commonwealth,4:30 P.M.,,0
2025-12-29,71684,FINAL,Brockton,4058,30,0,Dartmouth,4105,66,1,Big Three,Pioneer,1:00 P.M.,,0
2025-12-29,71687,FINAL,Milton,4252,40,1,Shawsheen,4346,16,0,Bay State,Commonwealth,3:00 P.M.,,0
2025-12-29,73931,FINAL,Falmouth,4134,42,1,New Bedford,4273,32,0,Cape & Islands,Big Three,5:00 P.M.,,0
2025-12-29,74130,FINAL,Durfee,4122,59,1,Joseph Case,4078,18,0,Big Three,South Coast,4:30 P.M.,,0
2025-12-29,74264,FINAL,Londonderry (N.H.),4213,45,0,Medfield,4241,58,1,Independent,Tri-Valley,11:00 A.M.,,0
2025-12-29,74278,FINAL,Millis,4251,48,1,Hopedale,4507,32,0,Tri-Valley,Independent,5:30 P.M.,,0
2025-12-29,74292,FINAL,Bellingham,4033,51,1,Watertown,4409,34,0,Tri-Valley,Middlesex,3:00 P.M.,,0
2025-12-29,74572,FINAL,Cohasset,4094,59,1,Georgetown,4148,37,0,South Shore,Cape Ann,2:00 P.M.,,0
2025-12-29,74575,FINAL,Braintree,4051,51,0,Archbishop Williams,4012,58,1,Bay State,Catholic Central,4:00 P.M.,,0
2025-12-29,74731,FINAL,Bishop Fenwick,4043,40,1,Walpole,4404,39,0,Catholic Central,Bay State,2:00 P.M.,,0
2025-12-29,74751,FINAL,Bishop Guertin (N.H.),4501,41,0,Bishop Feehan,4042,55,1,Independent,Catholic Central,5:00 P.M.,,0
2025-12-29,74762,FINAL,Newton North,4279,35,0,Woburn,4438,48,1,Bay State,Middlesex,2:45 P.M.,,0
2025-12-29,74772,FINAL,Sharon,4345,54,1,Nipmuc,4281,42,0,Hockomock,Independent,11:00 A.M.,,0
2025-12-29,74773,FINAL,Winchester,4434,44,1,Concord-Carlisle,4097,34,0,Middlesex,Dual County,11:00 A.M.,,0
2025-12-29,74776,FINAL,Danvers,4103,21,0,Hamilton-Wenham,4163,26,1,Northeastern,Cape Ann,2:00 P.M.,,0
2025-12-29,74822,FINAL,Cathedral,4079,56,0,Brookline,4059,64,1,Catholic Central,Bay State,1:00 P.M.,,0
2025-12-29,74825,FINAL,Cambridge,4067,40,0,Belmont,4034,62,1,Dual County,Middlesex,3:30 P.M.,,0
2025-12-29,74855,FINAL,Manchester Essex,4229,41,0,Masconomet,4236,46,1,Cape Ann,Northeastern,1:30 P.M.,,0
2025-12-29,74858,FINAL,Bishop Stang,4045,20,0,Somerset Berkley,4350,43,1,Catholic Central,South Coast,1:00 P.M.,,0
2025-12-29,74865,FINAL,Duxbury,4123,52,1,Leominster,4208,32,0,Patriot,Mid-Wach,3:30 P.M.,,0
2025-12-29,74866,FINAL,Waltham,4405,46,1,Peabody,4306,31,0,Dual County,Northeastern,4:30 P.M.,,0
2025-12-29,74873,FINAL,Arlington,4013,48,0,Lowell,4216,51,1,Middlesex,Merrimack Valley,3:00 P.M.,,0
2025-12-29,74879,FINAL,Dracut,4119,40,0,St. Mary’s,4374,65,1,Merrimack Valley,Catholic Central,5:30 P.M.,,0
2025-12-29,74882,FINAL,Beverly,4038,31,0,Malden Catholic,4228,47,1,Northeastern,Catholic Conference,4:30 P.M.,,0
2025-12-29,74888,FINAL,Sandwich,4340,45,1,Carver,4077,36,0,Cape & Islands,South Shore,6:30 P.M.,,0
2025-12-29,74899,FINAL,North Reading,4288,62,1,Melrose,4244,34,0,Cape Ann,Middlesex,6:00 P.M.,,0
2025-12-29,74933,FINAL,Winthrop,4437,58,1,Gloucester,4150,46,0,Northeastern,Northeastern,4:00 P.M.,,0
2025-12-29,74934,FINAL,Stoneham,4380,50,0,Lynnfield,4223,56,1,Middlesex,Cape Ann,2:00 P.M.,,0
2025-12-29,75022,FINAL,Millis,4251,41,1,Uxbridge,4398,34,0,Tri-Valley,Independent,4:00 P.M.,,0
2025-12-29,75292,FINAL,Newton South,4280,31,0,Millbury,4250,57,1,Dual County,Independent,,,0
2025-12-29,75470,FINAL,Boston Latin,4049,44,1,Wellesley,4413,40,0,Dual County,Bay State,12:30 P.M.,,0
2025-12-29,75497,FINAL,Framingham,4143,25,0,King Philip,4197,57,1,Bay State,Hockomock,7:00 P.M.,,0
2025-12-29,75923,FINAL,Reading,4328,28,0,Arlington Catholic,4014,49,1,Middlesex,Catholic Central,,,0
2025-12-29,76001,FINAL,Newburyport,4276,52,1,Saugus,4341,46,0,Cape Ann,Northeastern,,,0
2025-12-29,76069,FINAL,Billerica,4040,43,1,North Attleborough,4284,42,0,Merrimack Valley,Hockomock,,,0
2025-12-29,76139,FINAL,Wareham,4407,52,1,Fairhaven,4133,28,0,Mayflower,South Coast,,,0
2025-12-29,76171,FINAL,Cape Cod Tech,4073,47,0,Upper Cape,4457,52,1,Mayflower,Mayflower,,,0
2025-12-30,71264,FINAL,Everett,4132,45,0,Haverhill,4167,62,1,Greater Boston,Merrimack Valley,1:30 P.M.,,0
2025-12-30,71513,FINAL,Norton,4295,29,0,Attleboro,4018,34,1,Tri-Valley,Hockomock,6:00 P.M.,,0
2025-12-30,71557,FINAL,Notre Dame (Hingham),4449,52,1,Franklin,4144,44,0,Catholic Conference,Hockomock,6:30 P.M.,,0
2025-12-30,73874,FINAL,Cardinal Spellman,4075,35,0,Fontbonne,4447,69,1,Catholic Central,Catholic Conference,2:00 P.M.,,0
2025-12-30,73915,FINAL,Middleborough,4247,50,1,Ursuline,4448,47,0,South Shore,Catholic Conference,11:00 A.M.,,0
2025-12-30,74225,FINAL,Westwood,4424,36,0,Needham,4272,52,1,Tri-Valley,Bay State,3:00 P.M.,,0
2025-12-30,74242,FINAL,Medway,4243,43,1,Apponequet,4011,39,0,Tri-Valley,South Coast,4:30 P.M.,,0
2025-12-30,74306,FINAL,Dennis-Yarmouth,4111,17,0,Dover-Sherborn,4118,47,1,Cape & Islands,Tri-Valley,11:00 A.M.,,0
2025-12-30,74737,FINAL,Natick,4270,57,1,Andover,4009,41,0,Bay State,Merrimack Valley,5:15 P.M.,,0
2025-12-30,74777,FINAL,Danvers,4103,38,1,Essex Tech,4745,33,0,Northeastern,Cape Ann,10:00 A.M.,,0
2025-12-30,74778,FINAL,Swampscott,4383,39,0,Hamilton-Wenham,4163,53,1,Northeastern,Cape Ann,12:00 P.M.,,0
2025-12-30,74832,FINAL,Belmont,4034,53,0,Brookline,4059,61,1,Middlesex,Bay State,5:00 P.M.,,0
2025-12-30,74868,FINAL,Peabody,4306,41,0,Arlington,4013,58,1,Northeastern,Middlesex,4:30 P.M.,,0
2025-12-30,74905,FINAL,Scituate,4343,42,1,Hull,4184,24,0,Patriot,South Shore,12:30 P.M.,,0
2025-12-30,74906,FINAL,Pentucket,4309,46,1,Bridgewater-Raynham,4053,37,0,Cape Ann,Pioneer,1:45 P.M.,,0
2025-12-30,74924,FINAL,Wellesley,4413,45,1,Concord-Carlisle,4097,38,0,Bay State,Dual County,2:00 P.M.,,0
2025-12-30,74925,FINAL,Lincoln-Sudbury,4211,57,1,Lexington,4209,35,0,Dual County,Middlesex,3:00 P.M.,,0
2025-12-30,74927,FINAL,Cambridge,4067,44,0,Cathedral,4079,55,1,Dual County,Catholic Central,1:00 P.M.,,0
2025-12-30,74928,FINAL,Brockton,4058,37,0,Shawsheen,4346,44,1,Big Three,Commonwealth,1:00 P.M.,,0
2025-12-30,74930,FINAL,North Andover,4283,32,0,Methuen,4246,39,1,Merrimack Valley,Merrimack Valley,12:45 P.M.,,0
2025-12-30,74931,FINAL,Nauset,4271,28,0,Plymouth South,4316,69,1,Cape & Islands,Patriot,11:00 A.M.,,0
2025-12-30,74932,FINAL,Winthrop,4437,23,0,Lynnfield,4223,61,1,Northeastern,Cape Ann,12:00 P.M.,,0
2025-12-30,74935,FINAL,Stoneham,4380,59,1,Gloucester,4150,51,0,Middlesex,Northeastern,10:00 A.M.,,0
2025-12-30,74939,FINAL,Ashland,4015,55,1,Sharon,4345,52,0,Tri-Valley,Hockomock,2:30 P.M.,,0
2025-12-30,74942,FINAL,Winchester,4434,49,1,Boston Latin,4049,37,0,Middlesex,Dual County,3:30 P.M.,,0
2025-12-30,75019,FINAL,Hopedale,4507,48,1,Uxbridge,4398,37,0,Independent,Independent,4:00 P.M.,,0
2025-12-30,75024,FINAL,Millis,4251,51,1,Maynard,4239,31,0,Tri-Valley,Mid-Wach,5:30 P.M.,,0
2025-12-30,75150,FINAL,Norwell,4296,40,0,North Quincy,4287,51,1,South Shore,Patriot,4:00 P.M.,,0
2025-12-30,75154,FINAL,Milton,4252,56,1,Dartmouth,4105,52,0,Bay State,Pioneer,5:00 P.M.,,0
2025-12-30,75157,FINAL,Sandwich,4340,24,0,Duxbury,4123,40,1,Cape & Islands,Patriot,5:00 P.M.,,0
2025-12-30,75162,FINAL,Oakmont,4299,37,0,Foxborough,4142,56,1,Mid-Wach,Hockomock,,,0
2025-12-30,75164,FINAL,Marlborough,4233,48,0,Wayland,4411,50,1,Mid-Wach,Dual County,,1.0,0
2025-12-30,75165,FINAL,Westford,4421,55,1,Central Catholic,4081,45,0,Dual County,Merrimack Valley,,,0
2025-12-30,75166,FINAL,Dracut,4119,52,1,Tyngsborough,4397,49,0,Merrimack Valley,Mid-Wach,,,0
2025-12-30,75209,FINAL,Durfee,4122,46,1,Somerset Berkley,4350,31,0,Big Three,South Coast,4:30 P.M.,,0
2025-12-30,75267,FINAL,Framingham,4143,37,0,Shrewsbury,4348,56,1,Bay State,Mid-Wach,,,0
2025-12-30,75273,FINAL,Waltham,4405,40,0,Lowell,4216,42,1,Dual County,Merrimack Valley,6:00 P.M.,,0
2025-12-30,75282,FINAL,Amesbury,4007,52,1,Whittier,4428,46,0,Cape Ann,Commonwealth,,,0
2025-12-30,76083,FINAL,Lawrence,4203,60,1,Randolph,4327,41,0,Merrimack Valley,South Shore,,,0
2025-12-30,76152,FINAL,Old Colony,4300,46,1,Avon,4460,26,0,Mayflower,Mayflower,,,0
2025-12-31,73916,FINAL,Hull,4184,19,0,Ursuline,4448,40,1,South Shore,Catholic Conference,11:00 A.M.,,0
2025-12-31,75307,FINAL,Scituate,4343,37,0,Middleborough,4247,39,1,Patriot,South Shore,12:30 P.M.,,0
2025-12-31,75379,FINAL,Mansfield,4230,40,0,St. Mary’s,4374,58,1,Hockomock,Catholic Central,,,0
2026-01-02,71253,FINAL,Lynn Tech,4222,43,0,Malden,4227,47,1,Commonwealth,Greater Boston,5:30 P.M.,,0
2026-01-02,71519,FINAL,Milford,4249,50,1,Attleboro,4018,34,0,Hockomock,Hockomock,6:00 P.M.,,0
2026-01-02,71560,FINAL,Taunton,4388,57,0,Franklin,4144,64,1,Hockomock,Hockomock,6:00 P.M.,,0
2026-01-02,73622,UPCOMING,Natick,4270,,,Weymouth,4425,,,Bay State,Bay State,6:30 P.M.,,0
2026-01-02,73876,FINAL,Milton,4252,36,0,Fontbonne,4447,46,1,Bay State,Catholic Conference,5:45 P.M.,,0
2026-01-02,73965,FINAL,Hanover,4164,50,1,Falmouth,4134,28,0,Patriot,Cape & Islands,5:00 P.M.,,0
2026-01-02,74294,FINAL,Nipmuc,4281,38,0,Bellingham,4033,46,1,Independent,Tri-Valley,5:00 P.M.,,0
2026-01-02,74308,FINAL,Hingham,4171,61,1,Dover-Sherborn,4118,47,0,Patriot,Tri-Valley,12:30 P.M.,,0
2026-01-02,75769,FINAL,Arlington Catholic,4014,21,0,Bishop Feehan,4042,59,1,Catholic Central,Catholic Central,6:30 P.M.,,0
2026-01-02,75776,FINAL,St. Mary’s,4374,67,1,Archbishop Williams,4012,55,0,Catholic Central,Catholic Central,4:00 P.M.,,0
2026-01-02,75792,FINAL,Cathedral,4079,61,1,Cardinal Spellman,4075,15,0,Catholic Central,Catholic Central,4:00 P.M.,,0
2026-01-02,75797,FINAL,Tewksbury,4389,35,0,Bishop Fenwick,4043,45,1,Merrimack Valley,Catholic Central,4:30 P.M.,,0
2026-01-02,75799,FINAL,Foxborough,4142,57,1,Oliver Ames,4302,37,0,Hockomock,Hockomock,5:30 P.M.,,0
2026-01-02,75828,FINAL,Stoughton,4381,26,0,Mansfield,4230,69,1,Hockomock,Hockomock,6:00 P.M.,,0
2026-01-02,75844,FINAL,Sharon,4345,26,0,King Philip,4197,61,1,Hockomock,Hockomock,6:30 P.M.,,0
2026-01-02,75847,FINAL,Bedford,4031,37,0,North Reading,4288,62,1,Dual County,Cape Ann,4:00 P.M.,,0
2026-01-02,75951,FINAL,Wilmington,4432,46,0,Saugus,4341,57,1,Middlesex,Northeastern,7:00 P.M.,,0
2026-01-02,75966,FINAL,Winchester,4434,51,1,Winthrop,4437,39,0,Middlesex,Northeastern,2:00 P.M.,,0
2026-01-02,76112,FINAL,North Attleborough,4284,59,1,Canton,4071,29,0,Hockomock,Hockomock,6:30 P.M.,,0
2026-01-02,76134,FINAL,Wareham,4407,42,0,Monomoy,4706,46,1,Mayflower,Cape & Islands,6:30 P.M.,,0
2026-01-02,76262,FINAL,Algonquin,4005,56,1,Lincoln-Sudbury,4211,31,0,Mid-Wach,Dual County,4:00 P.M.,,0
2026-01-02,76406,FINAL,Nauset,4271,26,0,Barnstable,4024,47,1,Cape & Islands,Pioneer,,,0
2026-01-02,76409,FINAL,Dennis-Yarmouth,4111,24,0,East Bridgewater,4126,66,1,Cape & Islands,South Shore,,,0
2026-01-02,76516,FINAL,Dartmouth,4105,58,1,Middleborough,4247,39,0,Pioneer,South Shore,,,0
2026-01-02,76533,FINAL,West Bridgewater,4415,53,1,Fairhaven,4133,17,0,South Coast,South Coast,,,0
2026-01-02,76580,FINAL,Pittsfield,4314,55,1,Drury,4120,27,0,Independent,Independent,,,0
2026-01-02,76708,FINAL,Nobles,4282,54,1,Dexter Southfield,4113,53,0,ISL,Independent,3:30 P.M.,,0
2026-01-02,76767,FINAL,Somerset Berkley,4350,74,1,Bourne,4050,41,0,South Coast,South Coast,6:30 P.M.,,0
2026-01-02,76911,FINAL,Joseph Case,4078,29,0,Seekonk,4344,52,1,South Coast,South Coast,6:30 P.M.,,0
2026-01-03,71280,UPCOMING,Lexington,4209,,,Lynn English,4221,,,Middlesex,Greater Boston,1:00 P.M.,,0
2026-01-03,73629,UPCOMING,Newton North,4279,,,Acton-Boxborough,4003,,,Bay State,Dual County,1:00 P.M.,,0
2026-01-03,74201,UPCOMING,Norwood,4297,,,Bridgewater-Raynham,4053,,,Tri-Valley,Pioneer,2:00 P.M.,,0
2026-01-03,75612,UPCOMING,Haverhill,4167,,,Latin Academy,4202,,,Merrimack Valley,Boston City,11:30 A.M.,,0
2026-01-03,75783,UPCOMING,Silver Lake,4349,,,Whitman-Hanson,4427,,,Patriot,Patriot,1:00 P.M.,,0
2026-01-03,75816,UPCOMING,Waltham,4405,,,Dracut,4119,,,Dual County,Merrimack Valley,4:00 P.M.,,0
2026-01-03,76016,UPCOMING,Masconomet,4236,,,Springfield International,4480,,,Northeastern,Independent,12:00 P.M.,,0
2026-01-03,76341,UPCOMING,Old Rochester,4301,,,Cohasset,4094,,,South Coast,South Shore,1:00 P.M.,,0
2026-01-04,73878,UPCOMING,Fontbonne,4447,,,Andover,4009,,,Catholic Conference,Merrimack Valley,1:30 P.M.,,0
2026-01-04,75859,UPCOMING,Wachusett,4400,,,Westford,4421,,,Mid-Wach,Dual County,4:30 P.M.,,0
2026-01-04,76070,UPCOMING,Billerica,4040,,,Quincy,4326,,,Merrimack Valley,Patriot,1:00 P.M.,,0
2026-01-04,76135,UPCOMING,Fairhaven,4133,,,Wareham,4407,,,South Coast,Mayflower,1:30 P.M.,,0
2026-01-05,66281,UPCOMING,Canton,4071,,,Sharon,4345,,,Hockomock,Hockomock,6:00 P.M.,,0
2026-01-05,66463,UPCOMING,Millis,4251,,,Holliston,4174,,,Tri-Valley,Tri-Valley,6:30 P.M.,,0
2026-01-05,66538,UPCOMING,Dover-Sherborn,4118,,,Ashland,4015,,,Tri-Valley,Tri-Valley,5:30 P.M.,,0
2026-01-05,66605,UPCOMING,Norton,4295,,,Dedham,4108,,,Tri-Valley,Tri-Valley,6:00 P.M.,,0
2026-01-05,66636,UPCOMING,Hopkinton,4180,,,Bellingham,4033,,,Tri-Valley,Tri-Valley,6:30 P.M.,,0
2026-01-05,71168,UPCOMING,Somerville,4351,,,Swampscott,4383,,,Greater Boston,Northeastern,6:00 P.M.,,0
2026-01-05,71221,UPCOMING,Northeast,4293,,,KIPP,4703,,,Commonwealth,Commonwealth,5:30 P.M.,,0
2026-01-05,73844,UPCOMING,Notre Dame (Hingham),4449,,,Hingham,4171,,,Catholic Conference,Patriot,6:30 P.M.,,0
2026-01-05,73933,UPCOMING,New Bedford,4273,,,Dartmouth,4105,,,Big Three,Pioneer,5:00 P.M.,,0
2026-01-05,74034,UPCOMING,Notre Dame Cristo Rey,5127,,,Pioneer Charter II,4964,,,Commonwealth,Charter School Athletic,6:00 P.M.,,0
2026-01-05,74084,UPCOMING,Whitinsville Christian,4487,,,Calvary Chapel,4828,,,Independent,Independent,3:30 P.M.,,0
2026-01-05,74174,UPCOMING,Sturgis East,4456,,,Atlantis Charter,4818,,,Cape & Islands,Independent,5:30 P.M.,,0
2026-01-05,74204,UPCOMING,Medfield,4241,,,Norwood,4297,,,Tri-Valley,Tri-Valley,6:30 P.M.,,0
2026-01-05,74227,UPCOMING,Medway,4243,,,Westwood,4424,,,Tri-Valley,Tri-Valley,6:00 P.M.,,0
2026-01-05,75507,UPCOMING,Needham,4272,,,Pembroke,4308,,,Bay State,Patriot,6:00 P.M.,,0
2026-01-05,75589,UPCOMING,TechBoston/Henderson,4117,,,Charlestown,4084,,,Boston City,Boston City,4:00 P.M.,,0
2026-01-05,75614,UPCOMING,Madison Park,4225,,,Latin Academy,4202,,,Boston City,Boston City,5:30 P.M.,,0
2026-01-05,75771,UPCOMING,Worcester South,4444,,,Bishop Feehan,4042,,,Independent,Catholic Central,6:30 P.M.,,0
2026-01-05,75821,UPCOMING,Dracut,4119,,,Lawrence,4203,,,Merrimack Valley,Merrimack Valley,7:00 P.M.,,0
2026-01-05,75952,UPCOMING,Triton,4395,,,Wilmington,4432,,,Cape Ann,Middlesex,5:30 P.M.,,0
2026-01-05,75977,UPCOMING,Salem,4336,,,Gloucester,4150,,,Northeastern,Northeastern,6:00 P.M.,,0
2026-01-05,75984,UPCOMING,Beverly,4038,,,Danvers,4103,,,Northeastern,Northeastern,6:00 P.M.,,0
2026-01-05,75990,UPCOMING,Masconomet,4236,,,Marblehead,4231,,,Northeastern,Northeastern,6:30 P.M.,,0
2026-01-05,76153,UPCOMING,Avon,4460,,,Bristol Aggie,4463,,,Mayflower,Mayflower,3:30 P.M.,,0
2026-01-05,76158,UPCOMING,Upper Cape,4457,,,Old Colony,4300,,,Mayflower,Mayflower,5:00 P.M.,,0
2026-01-05,76196,UPCOMING,Norfolk Aggie,4458,,,Tri-County,4392,,,Mayflower,Mayflower,5:00 P.M.,,0
2026-01-05,76202,UPCOMING,Blue Hills,4047,,,Westport,4461,,,Mayflower,Mayflower,5:00 P.M.,,0
2026-01-05,76217,UPCOMING,Joseph Case,4078,,,Bristol-Plymouth,4057,,,South Coast,Mayflower,6:30 P.M.,,0
2026-01-05,76221,UPCOMING,Diman,4115,,,Randolph,4327,,,Mayflower,South Shore,6:30 P.M.,,0
2026-01-05,76281,UPCOMING,Weston,4423,,,Roxbury Prep,4847,,,Dual County,Charter School Athletic,5:00 P.M.,,0
2026-01-05,76319,UPCOMING,New Heights Charter,5088,,,Hull,4184,,,Charter School Athletic,South Shore,4:30 P.M.,,0
2026-01-05,76343,UPCOMING,Abington,4002,,,Cohasset,4094,,,South Shore,South Shore,6:30 P.M.,,0
2026-01-06,66890,UPCOMING,Chelmsford,4085,,,Lowell,4216,,,Merrimack Valley,Merrimack Valley,6:30 P.M.,,0
2026-01-06,71124,UPCOMING,Whittier,4428,,,Greater Lawrence,4154,,,Commonwealth,Commonwealth,5:30 P.M.,,0
2026-01-06,71191,UPCOMING,Chelsea,4086,,,Revere,4329,,,Greater Boston,Greater Boston,5:30 P.M.,,0
2026-01-06,71206,UPCOMING,Medford,4242,,,Mystic Valley,4264,,,Greater Boston,Commonwealth,6:00 P.M.,,0
2026-01-06,71257,UPCOMING,Malden,4227,,,Lynn Classical,4220,,,Greater Boston,Greater Boston,6:00 P.M.,,0
2026-01-06,71266,UPCOMING,Everett,4132,,,Lynn English,4221,,,Greater Boston,Greater Boston,6:00 P.M.,,0
2026-01-06,71523,UPCOMING,Attleboro,4018,,,Oliver Ames,4302,,,Hockomock,Hockomock,6:00 P.M.,,0
2026-01-06,71561,UPCOMING,Franklin,4144,,,North Attleborough,4284,,,Hockomock,Hockomock,6:30 P.M.,,0
2026-01-06,73624,UPCOMING,Milton,4252,,,Natick,4270,,,Bay State,Bay State,6:30 P.M.,,0
2026-01-06,73632,UPCOMING,Needham,4272,,,Newton North,4279,,,Bay State,Bay State,6:30 P.M.,,0
2026-01-06,73635,UPCOMING,Wellesley,4413,,,Walpole,4404,,,Bay State,Bay State,5:00 P.M.,,0
2026-01-06,73641,UPCOMING,Brookline,4059,,,Weymouth,4425,,,Bay State,Bay State,4:30 P.M.,,0
2026-01-06,73646,UPCOMING,Braintree,4051,,,Framingham,4143,,,Bay State,Bay State,6:30 P.M.,,0
2026-01-06,73918,UPCOMING,Ursuline,4448,,,Arlington Catholic,4014,,,Catholic Conference,Catholic Central,6:30 P.M.,,0
2026-01-06,73943,UPCOMING,Durfee,4122,,,Brockton,4058,,,Big Three,Big Three,6:30 P.M.,,0
2026-01-06,73968,UPCOMING,Falmouth,4134,,,Sandwich,4340,,,Cape & Islands,Cape & Islands,6:30 P.M.,,0
2026-01-06,74011,UPCOMING,Foxborough Charter,4588,,,Cristo Rey,4453,,,Charter School Athletic,Independent,4:00 P.M.,,0
2026-01-06,75635,UPCOMING,Madison Park,4225,,,Snowden,4452,,,Boston City,Boston City,4:00 P.M.,,0
2026-01-06,75663,UPCOMING,Boston United,4798,,,East Boston,4125,,,Boston City,Boston City,4:00 P.M.,,0
2026-01-06,75702,UPCOMING,Muniz,5018,,,Batson Academy,5128,,,Boston City,Boston City,5:00 P.M.,,0
2026-01-06,75740,UPCOMING,CASH,4187,,,New Mission,4494,,,Boston City,Boston City,5:00 P.M.,,0
2026-01-06,75745,UPCOMING,Fenway,4492,,,Brighton,4055,,,Boston City,Boston City,4:00 P.M.,,0
2026-01-06,75786,UPCOMING,Plymouth North,4315,,,Whitman-Hanson,4427,,,Patriot,Patriot,5:00 P.M.,,0
2026-01-06,75789,UPCOMING,Hanover,4164,,,North Quincy,4287,,,Patriot,Patriot,6:30 P.M.,,0
2026-01-06,75802,UPCOMING,King Philip,4197,,,Foxborough,4142,,,Hockomock,Hockomock,6:00 P.M.,,0
2026-01-06,75809,UPCOMING,Andover,4009,,,Haverhill,4167,,,Merrimack Valley,Merrimack Valley,6:30 P.M.,,0
2026-01-06,75813,UPCOMING,Wilmington,4432,,,Woburn,4438,,,Middlesex,Middlesex,7:00 P.M.,,0
2026-01-06,75826,UPCOMING,Norwell,4296,,,East Bridgewater,4126,,,South Shore,South Shore,6:30 P.M.,,0
2026-01-06,75829,UPCOMING,Sharon,4345,,,Mansfield,4230,,,Hockomock,Hockomock,6:30 P.M.,,0
2026-01-06,75832,UPCOMING,Stoneham,4380,,,Arlington,4013,,,Middlesex,Middlesex,6:00 P.M.,,0
2026-01-06,75833,UPCOMING,Beverly,4038,,,Danvers,4103,,,Northeastern,Northeastern,6:00 P.M.,,0
2026-01-06,75838,UPCOMING,Duxbury,4123,,,Marshfield,4234,,,Patriot,Patriot,6:30 P.M.,,0
2026-01-06,75854,UPCOMING,Scituate,4343,,,Pembroke,4308,,,Patriot,Patriot,6:00 P.M.,,0
2026-01-06,75875,UPCOMING,Burlington,4065,,,Belmont,4034,,,Middlesex,Middlesex,6:00 P.M.,,0
2026-01-06,75896,UPCOMING,Lexington,4209,,,Melrose,4244,,,Middlesex,Middlesex,6:00 P.M.,,0
2026-01-06,75925,UPCOMING,Watertown,4409,,,Reading,4328,,,Middlesex,Middlesex,5:15 P.M.,,0
2026-01-06,75968,UPCOMING,Wakefield,4402,,,Winchester,4434,,,Middlesex,Middlesex,6:30 P.M.,,0
2026-01-06,75971,UPCOMING,Winthrop,4437,,,Saugus,4341,,,Northeastern,Northeastern,6:00 P.M.,,0
2026-01-06,76047,UPCOMING,Central Catholic,4081,,,Methuen,4246,,,Merrimack Valley,Merrimack Valley,7:00 P.M.,,0
2026-01-06,76073,UPCOMING,Billerica,4040,,,North Andover,4283,,,Merrimack Valley,Merrimack Valley,7:00 P.M.,,0
2026-01-06,76094,UPCOMING,Milford,4249,,,Canton,4071,,,Hockomock,Hockomock,6:30 P.M.,,0
2026-01-06,76104,UPCOMING,Taunton,4388,,,Stoughton,4381,,,Hockomock,Hockomock,6:00 P.M.,,0
2026-01-06,76138,UPCOMING,Wareham,4407,,,Bishop Stang,4045,,,Mayflower,Catholic Central,6:30 P.M.,,0
2026-01-06,76174,UPCOMING,Upper Cape,4457,,,Cape Cod Tech,4073,,,Mayflower,Mayflower,5:00 P.M.,,0
2026-01-06,76241,UPCOMING,Waltham,4405,,,Acton-Boxborough,4003,,,Dual County,Dual County,7:00 P.M.,,0
2026-01-06,76255,UPCOMING,Lincoln-Sudbury,4211,,,Boston Latin,4049,,,Dual County,Dual County,6:00 P.M.,,0
2026-01-06,76270,UPCOMING,Newton South,4280,,,Bedford,4031,,,Dual County,Dual County,6:00 P.M.,,0
2026-01-06,76275,UPCOMING,Wayland,4411,,,Weston,4423,,,Dual County,Dual County,5:30 P.M.,,0
2026-01-06,76293,UPCOMING,Concord-Carlisle,4097,,,Cambridge,4067,,,Dual County,Dual County,6:30 P.M.,,0
2026-01-07,66466,UPCOMING,Holliston,4174,,,Bellingham,4033,,,Tri-Valley,Tri-Valley,6:00 P.M.,,0
2026-01-07,66541,UPCOMING,Ashland,4015,,,Medway,4243,,,Tri-Valley,Tri-Valley,6:00 P.M.,,0
2026-01-07,66607,UPCOMING,Dedham,4108,,,Medfield,4241,,,Tri-Valley,Tri-Valley,5:30 P.M.,,0
2026-01-07,66637,UPCOMING,Norton,4295,,,Hopkinton,4180,,,Tri-Valley,Tri-Valley,6:00 P.M.,,0
2026-01-07,67144,UPCOMING,Pioneer Valley Chinese Immersion,4955,,,Hampden Charter East,4712,,,Independent,Charter School Athletic,6:00 P.M.,,0
2026-01-07,71163,UPCOMING,Shawsheen,4346,,,Lynn Tech,4222,,,Commonwealth,Commonwealth,5:30 P.M.,,0
2026-01-07,73977,UPCOMING,Maimonides,4473,,,Roxbury Prep,4847,,,Independent,Charter School Athletic,5:00 P.M.,,0
2026-01-07,73990,UPCOMING,MATCH Charter,4594,,,Community Charter,4587,,,Charter School Athletic,Charter School Athletic,4:30 P.M.,,0
2026-01-07,74035,UPCOMING,Immaculate Heart of Mary,4832,,,Notre Dame Cristo Rey,5127,,,Worcester County,Commonwealth,5:00 P.M.,,0
2026-01-07,74175,UPCOMING,Atlantis Charter,4818,,,Westport,4461,,,Independent,Mayflower,3:30 P.M.,,0
2026-01-07,74205,UPCOMING,Dover-Sherborn,4118,,,Norwood,4297,,,Tri-Valley,Tri-Valley,6:00 P.M.,,0
2026-01-07,74228,UPCOMING,Westwood,4424,,,Millis,4251,,,Tri-Valley,Tri-Valley,6:15 P.M.,,0
2026-01-07,75591,UPCOMING,TechBoston/Henderson,4117,,,Latin Academy,4202,,,Boston City,Boston City,5:30 P.M.,,0
2026-01-07,75716,UPCOMING,Kennedy Academy,4590,,,Brooke Charter,5071,,,Boston City,Charter School Athletic,4:30 P.M.,,0
2026-01-07,75778,UPCOMING,Bishop Fenwick,4043,,,St. Mary’s,4374,,,Catholic Central,Catholic Central,6:30 P.M.,,0
2026-01-07,75818,UPCOMING,Dracut,4119,,,Wakefield,4402,,,Merrimack Valley,Middlesex,7:00 P.M.,,0
2026-01-07,76021,UPCOMING,Tewksbury,4389,,,Newburyport,4276,,,Merrimack Valley,Cape Ann,6:30 P.M.,,0
2026-01-07,76106,UPCOMING,Greater New Bedford,4156,,,Taunton,4388,,,South Coast,Hockomock,6:30 P.M.,,0
2026-01-07,76145,UPCOMING,Avon,4460,,,Holbrook,4172,,,Mayflower,Mayflower,3:30 P.M.,,0
2026-01-07,76159,UPCOMING,Bristol-Plymouth,4057,,,Old Colony,4300,,,Mayflower,Mayflower,5:00 P.M.,,0
2026-01-07,76185,UPCOMING,Sturgis West,4735,,,Cape Cod Tech,4073,,,Cape & Islands,Mayflower,7:00 P.M.,,0
2026-01-07,76191,UPCOMING,South Shore Voc-Tech,4356,,,Norfolk Aggie,4458,,,Mayflower,Mayflower,5:00 P.M.,,0
2026-01-07,76205,UPCOMING,Tri-County,4392,,,Blue Hills,4047,,,Mayflower,Mayflower,5:00 P.M.,,0
2026-01-07,76214,UPCOMING,Diman,4115,,,Southeastern,4358,,,Mayflower,Mayflower,5:00 P.M.,,0
2026-01-07,76235,UPCOMING,Bristol Aggie,4463,,,Old Colony,4300,,,Mayflower,Mayflower,5:00 P.M.,,0
2026-01-07,76375,UPCOMING,Abington,4002,,,Mashpee,4237,,,South Shore,South Shore,5:00 P.M.,,0
2026-01-08,71174,UPCOMING,Somerville,4351,,,Everett,4132,,,Greater Boston,Greater Boston,7:00 P.M.,,0
2026-01-08,71196,UPCOMING,Revere,4329,,,Malden,4227,,,Greater Boston,Greater Boston,6:00 P.M.,,0
2026-01-08,71210,UPCOMING,Medford,4242,,,Chelsea,4086,,,Greater Boston,Greater Boston,6:00 P.M.,,0
2026-01-08,71237,UPCOMING,Nashoba Valley Tech,4268,,,Northeast,4293,,,Commonwealth,Commonwealth,6:00 P.M.,,0
2026-01-08,71275,UPCOMING,Lynn Classical,4220,,,Lynn English,4221,,,Greater Boston,Greater Boston,6:00 P.M.,,0
2026-01-08,71301,UPCOMING,Rockport,4490,,,Mystic Valley,4264,,,Independent,Commonwealth,4:30 P.M.,,0
2026-01-08,73845,UPCOMING,Central Catholic,4081,,,Notre Dame (Hingham),4449,,,Merrimack Valley,Catholic Conference,7:00 P.M.,,0
2026-01-08,73879,UPCOMING,Fontbonne,4447,,,Whitman-Hanson,4427,,,Catholic Conference,Patriot,7:00 P.M.,,0
2026-01-08,73936,UPCOMING,New Bedford,4273,,,Somerset Berkley,4350,,,Big Three,South Coast,6:30 P.M.,,0
2026-01-08,73945,UPCOMING,Durfee,4122,,,Tiverton (R.I.),4643,,,Big Three,Independent,6:30 P.M.,,0
2026-01-08,73978,UPCOMING,Pioneer Valley Christian,4535,,,Maimonides,4473,,,Independent,Independent,6:00 P.M.,,0
2026-01-08,73992,UPCOMING,MATCH Charter,4594,,,Pioneer Charter I,4701,,,Charter School Athletic,Charter School Athletic,4:30 P.M.,,0
2026-01-08,74013,UPCOMING,Pacific Rim Charter,4478,,,Cristo Rey,4453,,,Charter School Athletic,Independent,5:00 P.M.,,0
2026-01-08,74086,UPCOMING,Calvary Chapel,4828,,,Sturgis East,4456,,,Independent,Cape & Islands,5:00 P.M.,,0
2026-01-08,75565,UPCOMING,Charlestown,4084,,,O’Bryant,4298,,,Boston City,Boston City,4:00 P.M.,,0
2026-01-08,75637,UPCOMING,Madison Park,4225,,,Fenway,4492,,,Boston City,Boston City,5:30 P.M.,,0
2026-01-08,75666,UPCOMING,East Boston,4125,,,Brighton,4055,,,Boston City,Boston City,4:00 P.M.,,0
2026-01-08,75717,UPCOMING,Kennedy Academy,4590,,,Batson Academy,5128,,,Boston City,Boston City,4:30 P.M.,,0
2026-01-08,75765,UPCOMING,Boston United,4798,,,New Mission,4494,,,Boston City,Boston City,5:30 P.M.,,0
2026-01-08,75835,UPCOMING,Danvers,4103,,,Masconomet,4236,,,Northeastern,Northeastern,6:30 P.M.,,0
2026-01-08,75973,UPCOMING,Winthrop,4437,,,Salem,4336,,,Northeastern,Northeastern,6:00 P.M.,,0
2026-01-08,75978,UPCOMING,Ipswich,4190,,,Gloucester,4150,,,Cape Ann,Northeastern,6:00 P.M.,,0
2026-01-08,75994,UPCOMING,Saugus,4341,,,Swampscott,4383,,,Northeastern,Northeastern,6:00 P.M.,,0
2026-01-08,76095,UPCOMING,Hopedale,4507,,,Milford,4249,,,Independent,Hockomock,6:30 P.M.,,0
2026-01-08,76215,UPCOMING,Seekonk,4344,,,Southeastern,4358,,,South Coast,Mayflower,5:00 P.M.,,0
2026-01-08,76346,UPCOMING,Cohasset,4094,,,Carver,4077,,,South Shore,South Shore,6:30 P.M.,,0
2026-01-09,66467,UPCOMING,Holliston,4174,,,Ashland,4015,,,Tri-Valley,Tri-Valley,6:00 P.M.,,0
2026-01-09,66610,UPCOMING,Norwood,4297,,,Dedham,4108,,,Tri-Valley,Tri-Valley,6:00 P.M.,,0
2026-01-09,66640,UPCOMING,Westwood,4424,,,Hopkinton,4180,,,Tri-Valley,Tri-Valley,7:15 P.M.,,0
2026-01-09,71084,UPCOMING,Greater Lowell,4155,,,Whittier,4428,,,Commonwealth,Commonwealth,5:30 P.M.,,0
2026-01-09,71170,UPCOMING,Greater Lawrence,4154,,,Shawsheen,4346,,,Commonwealth,Commonwealth,5:30 P.M.,,0
2026-01-09,71232,UPCOMING,Ipswich,4190,,,Chelsea,4086,,,Cape Ann,Greater Boston,6:00 P.M.,,0
2026-01-09,71247,UPCOMING,Northeast,4293,,,Notre Dame (Tyngsborough),4540,,,Commonwealth,Commonwealth,5:30 P.M.,,0
2026-01-09,71281,UPCOMING,Masconomet,4236,,,Lynn English,4221,,,Northeastern,Greater Boston,6:00 P.M.,,0
2026-01-09,71525,UPCOMING,Franklin,4144,,,Attleboro,4018,,,Hockomock,Hockomock,6:30 P.M.,,0
2026-01-09,73628,UPCOMING,Natick,4270,,,Braintree,4051,,,Bay State,Bay State,6:30 P.M.,,0
2026-01-09,73633,UPCOMING,Newton North,4279,,,Milton,4252,,,Bay State,Bay State,6:30 P.M.,,0
2026-01-09,73636,UPCOMING,Wellesley,4413,,,Needham,4272,,,Bay State,Bay State,6:30 P.M.,,0
2026-01-09,73642,UPCOMING,Brookline,4059,,,Walpole,4404,,,Bay State,Bay State,6:30 P.M.,,0
2026-01-09,73649,UPCOMING,Weymouth,4425,,,Framingham,4143,,,Bay State,Bay State,6:30 P.M.,,0
2026-01-09,73847,UPCOMING,Ursuline,4448,,,Notre Dame (Hingham),4449,,,Catholic Conference,Catholic Conference,5:00 P.M.,,0
2026-01-09,73971,UPCOMING,Falmouth,4134,,,Nauset,4271,,,Cape & Islands,Cape & Islands,6:30 P.M.,,0
2026-01-09,74014,UPCOMING,Randolph,4327,,,Cristo Rey,4453,,,South Shore,Independent,5:00 P.M.,,0
2026-01-09,74036,UPCOMING,Notre Dame Cristo Rey,5127,,,Collegiate Charter,4986,,,Commonwealth,Charter School Athletic,5:30 P.M.,,0
2026-01-09,74088,UPCOMING,Calvary Chapel,4828,,,Sturgis West,4735,,,Independent,Cape & Islands,5:00 P.M.,,0
2026-01-09,74177,UPCOMING,Atlantis Charter,4818,,,Wareham,4407,,,Independent,Mayflower,4:00 P.M.,,0
2026-01-09,74244,UPCOMING,Millis,4251,,,Medway,4243,,,Tri-Valley,Tri-Valley,6:30 P.M.,,0
2026-01-09,74267,UPCOMING,Medfield,4241,,,Bellingham,4033,,,Tri-Valley,Tri-Valley,6:00 P.M.,,0
2026-01-09,74310,UPCOMING,Dover-Sherborn,4118,,,Norton,4295,,,Tri-Valley,Tri-Valley,5:30 P.M.,,0
2026-01-09,75566,UPCOMING,Brooke Charter,5071,,,O’Bryant,4298,,,Charter School Athletic,Boston City,6:00 P.M.,,0
2026-01-09,75615,UPCOMING,Latin Academy,4202,,,Hull,4184,,,Boston City,South Shore,6:00 P.M.,,0
2026-01-09,75680,UPCOMING,CASH,4187,,,Snowden,4452,,,Boston City,Boston City,4:00 P.M.,,0
2026-01-09,75703,UPCOMING,Muniz,5018,,,Roxbury Prep,4847,,,Boston City,Charter School Athletic,5:00 P.M.,,0
2026-01-09,75781,UPCOMING,Cardinal Spellman,4075,,,St. Mary’s,4374,,,Catholic Central,Catholic Central,5:30 P.M.,,0
2026-01-09,75788,UPCOMING,Marshfield,4234,,,Whitman-Hanson,4427,,,Patriot,Patriot,6:30 P.M.,,0
2026-01-09,75790,UPCOMING,North Quincy,4287,,,Quincy,4326,,,Patriot,Patriot,7:00 P.M.,,0
2026-01-09,75795,UPCOMING,Arlington Catholic,4014,,,Cathedral,4079,,,Catholic Central,Catholic Central,6:30 P.M.,,0
2026-01-09,75804,UPCOMING,Foxborough,4142,,,Stoughton,4381,,,Hockomock,Hockomock,6:30 P.M.,,0
2026-01-09,75807,UPCOMING,Archbishop Williams,4012,,,Bishop Fenwick,4043,,,Catholic Central,Catholic Central,6:30 P.M.,,0
2026-01-09,75811,UPCOMING,North Andover,4283,,,Andover,4009,,,Merrimack Valley,Merrimack Valley,6:30 P.M.,,0
2026-01-09,75814,UPCOMING,Woburn,4438,,,Arlington,4013,,,Middlesex,Middlesex,5:00 P.M.,,0
2026-01-09,75824,UPCOMING,Chelmsford,4085,,,Dracut,4119,,,Merrimack Valley,Merrimack Valley,6:30 P.M.,,0
2026-01-09,75827,UPCOMING,Norwell,4296,,,Rockland,4331,,,South Shore,South Shore,6:30 P.M.,,0
2026-01-09,75831,UPCOMING,North Attleborough,4284,,,Mansfield,4230,,,Hockomock,Hockomock,6:30 P.M.,,0
2026-01-09,75841,UPCOMING,Hingham,4171,,,Duxbury,4123,,,Patriot,Patriot,6:30 P.M.,,0
2026-01-09,75848,UPCOMING,North Reading,4288,,,Manchester Essex,4229,,,Cape Ann,Cape Ann,6:30 P.M.,,0
2026-01-09,75850,UPCOMING,Oliver Ames,4302,,,Canton,4071,,,Hockomock,Hockomock,6:00 P.M.,,0
2026-01-09,75852,UPCOMING,Peabody,4306,,,Newburyport,4276,,,Northeastern,Cape Ann,7:00 P.M.,,0
2026-01-09,75857,UPCOMING,Plymouth South,4316,,,Pembroke,4308,,,Patriot,Patriot,6:00 P.M.,,0
2026-01-09,75860,UPCOMING,Westford,4421,,,Wayland,4411,,,Dual County,Dual County,7:00 P.M.,,0
2026-01-09,75877,UPCOMING,Lexington,4209,,,Belmont,4034,,,Middlesex,Middlesex,5:15 P.M.,,0
2026-01-09,75899,UPCOMING,Stoneham,4380,,,Melrose,4244,,,Middlesex,Middlesex,7:00 P.M.,,0
2026-01-09,75910,UPCOMING,Wilmington,4432,,,Burlington,4065,,,Middlesex,Middlesex,5:30 P.M.,,0
2026-01-09,75927,UPCOMING,Winchester,4434,,,Reading,4328,,,Middlesex,Middlesex,5:15 P.M.,,0
2026-01-09,75945,UPCOMING,Wakefield,4402,,,Watertown,4409,,,Middlesex,Middlesex,5:30 P.M.,,0
2026-01-09,76023,UPCOMING,Tewksbury,4389,,,Methuen,4246,,,Merrimack Valley,Merrimack Valley,6:30 P.M.,,0
2026-01-09,76053,UPCOMING,Haverhill,4167,,,Central Catholic,4081,,,Merrimack Valley,Merrimack Valley,6:00 P.M.,,0
2026-01-09,76059,UPCOMING,Cambridge,4067,,,Lowell,4216,,,Dual County,Merrimack Valley,7:00 P.M.,,0
2026-01-09,76075,UPCOMING,Lawrence,4203,,,Billerica,4040,,,Merrimack Valley,Merrimack Valley,6:30 P.M.,,0
2026-01-09,76108,UPCOMING,Taunton,4388,,,Sharon,4345,,,Hockomock,Hockomock,6:00 P.M.,,0
2026-01-09,76148,UPCOMING,Holbrook,4172,,,Westport,4461,,,Mayflower,Mayflower,5:30 P.M.,,0
2026-01-09,76161,UPCOMING,Old Colony,4300,,,Cape Cod Tech,4073,,,Mayflower,Mayflower,5:00 P.M.,,0
2026-01-09,76198,UPCOMING,Norfolk Aggie,4458,,,Bristol Aggie,4463,,,Mayflower,Mayflower,5:00 P.M.,,0
2026-01-09,76208,UPCOMING,Blue Hills,4047,,,Diman,4115,,,Mayflower,Mayflower,6:30 P.M.,,0
2026-01-09,76219,UPCOMING,Bristol-Plymouth,4057,,,Tri-County,4392,,,Mayflower,Mayflower,5:00 P.M.,,0
2026-01-09,76243,UPCOMING,Acton-Boxborough,4003,,,Newton South,4280,,,Dual County,Dual County,7:00 P.M.,,0
2026-01-09,76249,UPCOMING,Weston,4423,,,Waltham,4405,,,Dual County,Dual County,6:00 P.M.,,0
2026-01-09,76256,UPCOMING,Boston Latin,4049,,,Concord-Carlisle,4097,,,Dual County,Dual County,6:00 P.M.,,0
2026-01-09,76265,UPCOMING,Bedford,4031,,,Lincoln-Sudbury,4211,,,Dual County,Dual County,6:30 P.M.,,0
2026-01-10,73939,UPCOMING,New Bedford,4273,,,TechBoston/Henderson,4117,,,Big Three,Boston City,2:30 P.M.,,0
2026-01-10,73957,UPCOMING,Brockton,4058,,,Scituate,4343,,,Big Three,Patriot,1:00 P.M.,,0
2026-01-10,73981,UPCOMING,Gann Academy,4541,,,Maimonides,4473,,,IGC,Independent,7:00 P.M.,,0
2026-01-10,75705,UPCOMING,Excel Academy,4969,,,Muniz,5018,,,Charter School Athletic,Boston City,12:00 P.M.,,0
2026-01-10,75774,UPCOMING,Bishop Feehan,4042,,,Bedford (N.H.),4742,,,Catholic Central,Independent,3:00 P.M.,,0
2026-01-10,75959,UPCOMING,Stoneham,4380,,,North Reading,4288,,,Middlesex,Cape Ann,12:30 P.M.,,0
2026-01-11,71176,UPCOMING,Shawsheen,4346,,,Milton,4252,,,Commonwealth,Bay State,12:30 P.M.,,0
2026-01-11,73899,UPCOMING,Malden Catholic,4228,,,Winchester,4434,,,Catholic Conference,Middlesex,1:30 P.M.,,0
2026-01-11,76078,UPCOMING,Tyngsborough,4397,,,Chelmsford,4085,,,Mid-Wach,Merrimack Valley,5:30 P.M.,,0
2026-01-11,76096,UPCOMING,Milford,4249,,,King Philip,4197,,,Hockomock,Hockomock,12:30 P.M.,,0
2026-01-11,76287,UPCOMING,Newton South,4280,,,Cathedral,4079,,,Dual County,Catholic Central,2:30 P.M.,,0
2026-01-12,66473,UPCOMING,Holliston,4174,,,Wayland,4411,,,Tri-Valley,Dual County,6:00 P.M.,,0
2026-01-12,71127,UPCOMING,Hamilton-Wenham,4163,,,Whittier,4428,,,Cape Ann,Commonwealth,6:30 P.M.,,0
2026-01-12,71236,UPCOMING,Chelsea,4086,,,Northeast,4293,,,Greater Boston,Commonwealth,5:30 P.M.,,0
2026-01-12,73850,UPCOMING,Marblehead,4231,,,Notre Dame (Hingham),4449,,,Northeastern,Catholic Conference,6:00 P.M.,,0
2026-01-12,74054,UPCOMING,Foxborough Charter,4588,,,Community Charter,4587,,,Charter School Athletic,Charter School Athletic,4:00 P.M.,,0
2026-01-12,75567,UPCOMING,O’Bryant,4298,,,Neighborhood House Charter,5035,,,Boston City,Charter School Athletic,4:00 P.M.,,0
2026-01-12,75640,UPCOMING,Madison Park,4225,,,Boston United,4798,,,Boston City,Boston City,5:30 P.M.,,0
2026-01-12,75668,UPCOMING,East Boston,4125,,,Fenway,4492,,,Boston City,Boston City,4:00 P.M.,,0
2026-01-12,75754,UPCOMING,Brighton,4055,,,New Mission,4494,,,Boston City,Boston City,4:00 P.M.,,0
2026-01-12,76010,UPCOMING,Lincoln-Sudbury,4211,,,Peabody,4306,,,Dual County,Northeastern,6:00 P.M.,,0
2026-01-12,76041,UPCOMING,Dracut,4119,,,North Andover,4283,,,Merrimack Valley,Merrimack Valley,7:00 P.M.,,0
2026-01-12,76062,UPCOMING,Lowell,4216,,,Lawrence,4203,,,Merrimack Valley,Merrimack Valley,6:30 P.M.,,0
2026-01-12,76194,UPCOMING,South Shore Voc-Tech,4356,,,Sturgis East,4456,,,Mayflower,Cape & Islands,3:30 P.M.,,0
2026-01-12,76283,UPCOMING,Weston,4423,,,Amesbury,4007,,,Dual County,Cape Ann,6:00 P.M.,,0
2026-01-12,76321,UPCOMING,Hull,4184,,,Excel Academy,4969,,,South Shore,Charter School Athletic,6:30 P.M.,,0
2026-01-12,76378,UPCOMING,St. John Paul II,4689,,,Abington,4002,,,Cape & Islands,South Shore,5:00 P.M.,,0
2026-01-13,66477,UPCOMING,Holliston,4174,,,Norwood,4297,,,Tri-Valley,Tri-Valley,6:30 P.M.,,0
2026-01-13,66543,UPCOMING,Hopkinton,4180,,,Ashland,4015,,,Tri-Valley,Tri-Valley,6:30 P.M.,,0
2026-01-13,66611,UPCOMING,Westwood,4424,,,Dedham,4108,,,Tri-Valley,Tri-Valley,6:30 P.M.,,0
2026-01-13,71178,UPCOMING,Lynn Classical,4220,,,Somerville,4351,,,Greater Boston,Greater Boston,6:00 P.M.,,0
2026-01-13,71185,UPCOMING,Shawsheen,4346,,,Lowell Catholic,4217,,,Commonwealth,Commonwealth,5:30 P.M.,,0
2026-01-13,71200,UPCOMING,Everett,4132,,,Revere,4329,,,Greater Boston,Greater Boston,6:00 P.M.,,0
2026-01-13,71216,UPCOMING,Malden,4227,,,Medford,4242,,,Greater Boston,Greater Boston,6:00 P.M.,,0
2026-01-13,71239,UPCOMING,Lynn English,4221,,,Chelsea,4086,,,Greater Boston,Greater Boston,6:00 P.M.,,0
2026-01-13,71261,UPCOMING,Notre Dame (Tyngsborough),4540,,,Northeast,4293,,,Commonwealth,Commonwealth,5:00 P.M.,,0
2026-01-13,71304,UPCOMING,Boston Collegiate,4592,,,Mystic Valley,4264,,,Charter School Athletic,Commonwealth,4:00 P.M.,,0
2026-01-13,71530,UPCOMING,Foxborough,4142,,,Attleboro,4018,,,Hockomock,Hockomock,6:30 P.M.,,0
2026-01-13,71562,UPCOMING,Stoughton,4381,,,Franklin,4144,,,Hockomock,Hockomock,6:00 P.M.,,0
2026-01-13,73638,UPCOMING,Natick,4270,,,Wellesley,4413,,,Bay State,Bay State,5:15 P.M.,,0
2026-01-13,73643,UPCOMING,Brookline,4059,,,Framingham,4143,,,Bay State,Bay State,4:30 P.M.,,0
2026-01-13,73652,UPCOMING,Milton,4252,,,Needham,4272,,,Bay State,Bay State,6:30 P.M.,,0
2026-01-13,73882,UPCOMING,Ursuline,4448,,,Fontbonne,4447,,,Catholic Conference,Catholic Conference,6:30 P.M.,,0
2026-01-13,73929,UPCOMING,Newton North,4279,,,Braintree,4051,,,Bay State,Bay State,6:30 P.M.,,0
2026-01-13,73930,UPCOMING,Weymouth,4425,,,Walpole,4404,,,Bay State,Bay State,5:15 P.M.,,0
2026-01-13,73940,UPCOMING,Brockton,4058,,,New Bedford,4273,,,Big Three,Big Three,6:30 P.M.,,0
2026-01-13,73950,UPCOMING,Bishop Stang,4045,,,Durfee,4122,,,Catholic Central,Big Three,6:00 P.M.,,0
2026-01-13,73974,UPCOMING,Barnstable,4024,,,Falmouth,4134,,,Pioneer,Cape & Islands,6:30 P.M.,,0
2026-01-13,73982,UPCOMING,Maimonides,4473,,,New Heights Charter,5088,,,Independent,Charter School Athletic,4:30 P.M.,,0
2026-01-13,73993,UPCOMING,Cristo Rey,4453,,,MATCH Charter,4594,,,Independent,Charter School Athletic,4:30 P.M.,,0
2026-01-13,74037,UPCOMING,Notre Dame Cristo Rey,5127,,,Nashoba Valley Tech,4268,,,Commonwealth,Commonwealth,5:30 P.M.,,0
2026-01-13,74089,UPCOMING,Calvary Chapel,4828,,,South Shore Charter,4589,,,Independent,Charter School Athletic,5:00 P.M.,,0
2026-01-13,74246,UPCOMING,Norton,4295,,,Medway,4243,,,Tri-Valley,Tri-Valley,6:00 P.M.,,0
2026-01-13,74268,UPCOMING,Medfield,4241,,,Millis,4251,,,Tri-Valley,Tri-Valley,6:00 P.M.,,0
2026-01-13,74295,UPCOMING,Dover-Sherborn,4118,,,Bellingham,4033,,,Tri-Valley,Tri-Valley,5:30 P.M.,,0
2026-01-13,74300,UPCOMING,Norton,4295,,,Bellingham,4033,,,Tri-Valley,Tri-Valley,6:00 P.M.,,0
2026-01-13,75569,UPCOMING,O’Bryant,4298,,,TechBoston/Henderson,4117,,,Boston City,Boston City,5:30 P.M.,,0
2026-01-13,75643,UPCOMING,Madison Park,4225,,,Charlestown,4084,,,Boston City,Boston City,4:00 P.M.,,0
2026-01-13,75683,UPCOMING,Batson Academy,5128,,,Snowden,4452,,,Boston City,Boston City,4:00 P.M.,,0
2026-01-13,75706,UPCOMING,Muniz,5018,,,Kennedy Academy,4590,,,Boston City,Boston City,5:00 P.M.,,0
2026-01-13,75863,UPCOMING,Arlington,4013,,,Melrose,4244,,,Middlesex,Middlesex,7:00 P.M.,,0
2026-01-13,75880,UPCOMING,Belmont,4034,,,Wilmington,4432,,,Middlesex,Middlesex,6:00 P.M.,,0
2026-01-13,75912,UPCOMING,Woburn,4438,,,Burlington,4065,,,Middlesex,Middlesex,7:00 P.M.,,0
2026-01-13,75928,UPCOMING,Reading,4328,,,Wakefield,4402,,,Middlesex,Middlesex,6:00 P.M.,,0
2026-01-13,75937,UPCOMING,Lexington,4209,,,Stoneham,4380,,,Middlesex,Middlesex,6:00 P.M.,,0
2026-01-13,75946,UPCOMING,Winchester,4434,,,Watertown,4409,,,Middlesex,Middlesex,6:00 P.M.,,0
2026-01-13,75975,UPCOMING,Peabody,4306,,,Winthrop,4437,,,Northeastern,Northeastern,7:00 P.M.,,0
2026-01-13,75981,UPCOMING,Beverly,4038,,,Gloucester,4150,,,Northeastern,Northeastern,6:30 P.M.,,0
2026-01-13,75986,UPCOMING,Danvers,4103,,,Salem,4336,,,Northeastern,Northeastern,6:30 P.M.,,0
2026-01-13,75992,UPCOMING,Marblehead,4231,,,Swampscott,4383,,,Northeastern,Northeastern,7:00 P.M.,,0
2026-01-13,76002,UPCOMING,Masconomet,4236,,,Saugus,4341,,,Northeastern,Northeastern,7:00 P.M.,,0
2026-01-13,76025,UPCOMING,Tewksbury,4389,,,Chelmsford,4085,,,Merrimack Valley,Merrimack Valley,6:30 P.M.,,0
2026-01-13,76031,UPCOMING,Billerica,4040,,,Andover,4009,,,Merrimack Valley,Merrimack Valley,7:00 P.M.,,0
2026-01-13,76050,UPCOMING,Methuen,4246,,,Haverhill,4167,,,Merrimack Valley,Merrimack Valley,6:30 P.M.,,0
2026-01-13,76055,UPCOMING,Central Catholic,4081,,,Bishop Fenwick,4043,,,Merrimack Valley,Catholic Central,6:30 P.M.,,0
2026-01-13,76097,UPCOMING,Mansfield,4230,,,Milford,4249,,,Hockomock,Hockomock,6:30 P.M.,,0
2026-01-13,76100,UPCOMING,North Attleborough,4284,,,King Philip,4197,,,Hockomock,Hockomock,6:30 P.M.,,0
2026-01-13,76111,UPCOMING,Canton,4071,,,Taunton,4388,,,Hockomock,Hockomock,6:30 P.M.,,0
2026-01-13,76121,UPCOMING,Oliver Ames,4302,,,Sharon,4345,,,Hockomock,Hockomock,6:00 P.M.,,0
2026-01-13,76141,UPCOMING,Holbrook,4172,,,Wareham,4407,,,Mayflower,Mayflower,5:00 P.M.,,0
2026-01-13,76155,UPCOMING,Westport,4461,,,Avon,4460,,,Mayflower,Mayflower,5:00 P.M.,,0
2026-01-13,76164,UPCOMING,South Shore Voc-Tech,4356,,,Old Colony,4300,,,Mayflower,Mayflower,5:00 P.M.,,0
2026-01-13,76177,UPCOMING,Upper Cape,4457,,,Norfolk Aggie,4458,,,Mayflower,Mayflower,5:00 P.M.,,0
2026-01-13,76186,UPCOMING,Cape Cod Tech,4073,,,Bristol Aggie,4463,,,Mayflower,Mayflower,5:00 P.M.,,0
2026-01-13,76210,UPCOMING,Southeastern,4358,,,Blue Hills,4047,,,Mayflower,Mayflower,5:00 P.M.,,0
2026-01-13,76220,UPCOMING,Diman,4115,,,Bristol-Plymouth,4057,,,Mayflower,Mayflower,6:30 P.M.,,0
2026-01-13,76225,UPCOMING,Minuteman,4255,,,Tri-County,4392,,,Commonwealth,Mayflower,5:30 P.M.,,0
2026-01-13,76272,UPCOMING,Bedford,4031,,,Newton South,4280,,,Dual County,Dual County,6:30 P.M.,,0
2026-01-13,76307,UPCOMING,Shrewsbury,4348,,,Westford,4421,,,Mid-Wach,Dual County,5:30 P.M.,,0
2026-01-13,76349,UPCOMING,Cohasset,4094,,,Norwell,4296,,,South Shore,South Shore,6:30 P.M.,,0
2026-01-13,76389,UPCOMING,Carver,4077,,,Mashpee,4237,,,South Shore,South Shore,6:30 P.M.,,0
