date,game_id,status,home_team,home_team_id,home_score,home_outcome,visitor_team,visitor_team_id,visitor_score,visitor_outcome,home_conference,visitor_conference,time,overtime,is_shootout_win
2025-12-03,65333,FINAL,Middlesex,4248,6,1,Pingree,4312,0,0,ISL,EIL,,,0
2025-12-03,66695,FINAL,Holderness,4173,2,2,Tilton,4391,2,2,Independent,Independent,4:00 P.M.,,0
2025-12-05,66696,FINAL,Holderness,4173,1,0,Berwick,4037,3,1,Independent,EIL,4:30 P.M.,,0
2025-12-06,66688,FINAL,Pingree,4312,1,0,Mount St. Charles (R.I.),4488,2,1,EIL,Independent,,,0
2025-12-06,67095,FINAL,Austin Prep,4020,4,1,Tilton,4391,1,0,Independent,Independent,4:10 P.M.,,0
2025-12-06,67201,FINAL,Hebron (Maine),4168,2,1,Pingree,4312,1,0,Independent,EIL,,,0
2025-12-06,67207,FINAL,Choate,4090,4,1,Lawrence Academy,4204,1,0,Founders,ISL,,,0
2025-12-07,67472,FINAL,Pingree,4312,1,0,Hoosac School,4688,4,1,EIL,Independent,,,0
2025-12-10,65046,UPCOMING,Waltham,4405,,,Milton,4252,,,Merrimack Valley/Dual County,Bay State,5:00 P.M.,,0
2025-12-11,65052,UPCOMING,Hanover,4164,,,Latin Academy/Fontbonne,4202,,,Patriot,Independent,4:00 P.M.,,0
2025-12-11,65054,UPCOMING,Framingham,4143,,,Wayland/Weston,4411,,,Bay State,Merrimack Valley/Dual County,4:50 P.M.,,0
2025-12-11,65056,UPCOMING,Braintree,4051,,,Boston Latin,4049,,,Bay State,Merrimack Valley/Dual County,6:00 P.M.,,0
2025-12-11,65059,UPCOMING,Duxbury,4123,,,Quincy/North Quincy,4287,,,Patriot,Patriot,7:20 P.M.,,0
2025-12-12,65075,UPCOMING,Pembroke,4308,,,Norwell,4296,,,Patriot,Independent,6:00 P.M.,,0
2025-12-12,65078,UPCOMING,Sandwich,4340,,,Dennis-Yarmouth,4111,,,Cape & Islands,Cape & Islands,7:45 P.M.,,0
2025-12-13,65086,UPCOMING,Plymouth,4315,,,Falmouth,4134,,,Patriot,Cape & Islands,10:00 A.M.,,0
2025-12-13,65091,UPCOMING,Dedham,4108,,,Norwood,4297,,,Tri-Valley,Tri-Valley,11:30 A.M.,,0
2025-12-13,65094,UPCOMING,Winchester,4434,,,Stoneham/Wilmington,4380,,,Middlesex,Middlesex,12:00 P.M.,,0
2025-12-13,65099,UPCOMING,Belmont,4034,,,Duxbury,4123,,,Middlesex,Patriot,1:00 P.M.,,0
2025-12-13,65102,UPCOMING,Notre Dame (Hingham),4449,,,Bishop Stang,4045,,,Independent,Catholic Central,1:40 P.M.,,0
2025-12-13,65108,UPCOMING,Medford,4242,,,Winthrop,4437,,,Northeast,Northeast,2:00 P.M.,,0
2025-12-13,65121,UPCOMING,Boston Latin,4049,,,Malden Catholic,4228,,,Merrimack Valley/Dual County,Independent,2:00 P.M.,,0
2025-12-13,65123,UPCOMING,Needham,4272,,,Weymouth,4425,,,Bay State,Bay State,2:00 P.M.,,0
2025-12-13,65130,UPCOMING,Algonquin,4005,,,Longmeadow,4214,,,Central/West,Central/West,2:40 P.M.,,0
2025-12-13,65133,UPCOMING,Gloucester,4150,,,Beverly/Danvers,4038,,,Northeast,Northeast,3:00 P.M.,,0
2025-12-13,65136,UPCOMING,Westford,4421,,,Methuen/Tewksbury,4246,,,Merrimack Valley/Dual County,Merrimack Valley/Dual County,3:00 P.M.,,0
2025-12-13,65142,UPCOMING,Marshfield,4234,,,Martha’s Vineyard,4235,,,Patriot,Cape & Islands,3:40 P.M.,,0
2025-12-13,65143,UPCOMING,Wakefield,4402,,,Woburn,4438,,,Middlesex,Middlesex,4:00 P.M.,,0
2025-12-13,65145,UPCOMING,Auburn,4019,,,Marblehead,4231,,,Independent,Northeast,4:00 P.M.,,0
2025-12-13,65151,UPCOMING,Franklin,4144,,,Stoughton,4381,,,Hockomock,Independent,4:30 P.M.,,0
2025-12-13,65155,UPCOMING,Medway/Ashland,4243,,,Westwood,4424,,,Tri-Valley,Tri-Valley,5:00 P.M.,,0
2025-12-13,65159,UPCOMING,Medfield,4241,,,Hopkinton/Dover-Sherborn,4118,,,Tri-Valley,Tri-Valley,5:00 P.M.,,0
2025-12-13,65160,UPCOMING,Nauset/Monomoy,4271,,,Pope Francis,4796,,,Cape & Islands,Central/West,5:10 P.M.,,0
2025-12-13,65161,UPCOMING,Natick,4270,,,Brookline,4059,,,Bay State,Bay State,5:20 P.M.,,0
2025-12-13,65162,UPCOMING,Masconomet,4236,,,Grafton,4153,,,Northeast,Independent,5:30 P.M.,,0
2025-12-13,65165,UPCOMING,Archbishop Williams,4012,,,Arlington,4013,,,Catholic Central,Middlesex,5:40 P.M.,,0
2025-12-13,65168,UPCOMING,HPNA,4283,,,Bishop Feehan,4042,,,Merrimack Valley/Dual County,Catholic Central,6:00 P.M.,,0
2025-12-13,65169,UPCOMING,East/West Bridgewater,4126,,,Barnstable,4024,,,Independent,Cape & Islands,6:00 P.M.,,0
2025-12-13,65170,UPCOMING,Reading,4328,,,Melrose,4244,,,Middlesex,Middlesex,6:00 P.M.,,0
2025-12-13,65173,UPCOMING,King Philip,4197,,,Canton,4071,,,Hockomock,Hockomock,6:00 P.M.,,0
2025-12-13,65175,UPCOMING,Whitman-Hanson/Silver Lake,4427,,,Hanover,4164,,,Patriot,Patriot,6:10 P.M.,,0
2025-12-13,65176,UPCOMING,Newburyport,4276,,,Andover,4009,,,Northeast,Merrimack Valley/Dual County,6:30 P.M.,,0
2025-12-13,65178,UPCOMING,Walpole,4404,,,Braintree,4051,,,Bay State,Bay State,7:00 P.M.,,0
2025-12-13,65179,UPCOMING,Framingham,4143,,,Newton North/South,4279,,,Bay State,Bay State,7:10 P.M.,,0
2025-12-13,65181,UPCOMING,Lexington,4209,,,Burlington,4065,,,Middlesex,Middlesex,7:15 P.M.,,0
2025-12-13,65183,UPCOMING,Ursuline,4448,,,Arlington Catholic,4014,,,Independent,Catholic Central,7:40 P.M.,,0
2025-12-14,65189,UPCOMING,Marblehead,4231,,,Leominster,4208,,,Northeast,Central/West,10:30 A.M.,,0
2025-12-14,65191,UPCOMING,Weymouth,4425,,,Pope Francis,4796,,,Bay State,Central/West,12:00 P.M.,,0
2025-12-14,65192,UPCOMING,Latin Academy/Fontbonne,4202,,,Stoughton,4381,,,Independent,Independent,4:00 P.M.,,0
2025-12-14,65195,UPCOMING,Longmeadow,4214,,,Andover,4009,,,Central/West,Merrimack Valley/Dual County,5:10 P.M.,,0
2025-12-15,65197,UPCOMING,Concord-Carlisle,4097,,,Lexington,4209,,,Merrimack Valley/Dual County,Middlesex,4:00 P.M.,,0
2025-12-15,65198,UPCOMING,Billerica/Chelmsford,4040,,,Brookline,4059,,,Merrimack Valley/Dual County,Bay State,5:00 P.M.,,0
2025-12-15,65201,UPCOMING,Shrewsbury,4348,,,Franklin,4144,,,Merrimack Valley/Dual County,Hockomock,6:00 P.M.,,0
2025-12-15,65204,UPCOMING,Wayland/Weston,4411,,,Medford,4242,,,Merrimack Valley/Dual County,Northeast,6:30 P.M.,,0
2025-12-17,65207,UPCOMING,Barnstable,4024,,,Nantucket,4265,,,Cape & Islands,Cape & Islands,4:00 P.M.,,0
2025-12-17,65208,UPCOMING,Hopkinton/Dover-Sherborn,4118,,,Dedham,4108,,,Tri-Valley,Tri-Valley,4:00 P.M.,,0
2025-12-17,65211,UPCOMING,Latin Academy/Fontbonne,4202,,,Ursuline,4448,,,Independent,Independent,4:00 P.M.,,0
2025-12-17,65213,UPCOMING,Shawsheen/Bedford/Lowell,4346,,,Cambridge,4067,,,Merrimack Valley/Dual County,Merrimack Valley/Dual County,4:15 P.M.,,0
2025-12-17,65214,UPCOMING,Sandwich,4340,,,Martha’s Vineyard,4235,,,Cape & Islands,Cape & Islands,5:00 P.M.,,0
2025-12-17,65216,UPCOMING,Belmont,4034,,,Wakefield,4402,,,Middlesex,Middlesex,5:00 P.M.,,0
2025-12-17,65219,UPCOMING,Malden Catholic,4228,,,Woburn,4438,,,Independent,Middlesex,5:00 P.M.,,0
2025-12-17,65220,UPCOMING,Methuen/Tewksbury,4246,,,Boston Latin,4049,,,Merrimack Valley/Dual County,Merrimack Valley/Dual County,5:00 P.M.,,0
2025-12-17,65222,UPCOMING,Masconomet,4236,,,Gloucester,4150,,,Northeast,Northeast,5:00 P.M.,,0
2025-12-17,65223,UPCOMING,Westwood,4424,,,Norwood,4297,,,Tri-Valley,Tri-Valley,5:00 P.M.,,0
2025-12-17,65226,UPCOMING,Falmouth,4134,,,La Salle (R.I.),4201,,,Cape & Islands,Independent,5:00 P.M.,,0
2025-12-17,65228,UPCOMING,Canton,4071,,,Algonquin,4005,,,Hockomock,Central/West,5:00 P.M.,,0
2025-12-17,65229,UPCOMING,Archbishop Williams,4012,,,St. Mary’s,4374,,,Catholic Central,Catholic Central,5:10 P.M.,,0
2025-12-17,65232,UPCOMING,Burlington,4065,,,Arlington,4013,,,Middlesex,Middlesex,5:30 P.M.,,0
2025-12-17,65234,UPCOMING,Acton-Boxborough/Bromfield,4003,,,Central Catholic,4081,,,Merrimack Valley/Dual County,Merrimack Valley/Dual County,5:45 P.M.,,0
2025-12-17,65236,UPCOMING,Pembroke,4308,,,Duxbury,4123,,,Patriot,Patriot,5:50 P.M.,,0
2025-12-17,65237,UPCOMING,Melrose,4244,,,Winchester,4434,,,Middlesex,Middlesex,6:00 P.M.,,0
2025-12-17,65238,UPCOMING,Stoneham/Wilmington,4380,,,Reading,4328,,,Middlesex,Middlesex,6:00 P.M.,,0
2025-12-17,65239,UPCOMING,Braintree,4051,,,Weymouth,4425,,,Bay State,Bay State,6:00 P.M.,,0
2025-12-17,65242,UPCOMING,Arlington Catholic,4014,,,Bishop Fenwick,4043,,,Catholic Central,Catholic Central,6:00 P.M.,,0
2025-12-17,65245,UPCOMING,Brookline,4059,,,Needham,4272,,,Bay State,Bay State,6:00 P.M.,,0
2025-12-17,65247,UPCOMING,Newton North/South,4279,,,Wellesley,4413,,,Bay State,Bay State,6:00 P.M.,,0
2025-12-17,65249,UPCOMING,Winthrop,4437,,,Grafton,4153,,,Northeast,Independent,6:10 P.M.,,0
2025-12-17,65252,UPCOMING,Bishop Feehan,4042,,,Bishop Stang,4045,,,Catholic Central,Catholic Central,6:30 P.M.,,0
2025-12-17,65254,UPCOMING,Milton,4252,,,Walpole,4404,,,Bay State,Bay State,7:00 P.M.,,0
2025-12-17,65256,UPCOMING,Billerica/Chelmsford,4040,,,HPNA,4283,,,Merrimack Valley/Dual County,Merrimack Valley/Dual County,7:00 P.M.,,0
2025-12-17,65259,UPCOMING,Medford,4242,,,Peabody,4306,,,Northeast,Northeast,7:00 P.M.,,0
2025-12-17,65261,UPCOMING,Medfield,4241,,,Medway/Ashland,4243,,,Tri-Valley,Tri-Valley,7:15 P.M.,,0
2025-12-17,65264,UPCOMING,Marblehead,4231,,,Newburyport,4276,,,Northeast,Northeast,7:30 P.M.,,0
2025-12-17,65267,UPCOMING,Stoughton,4381,,,Mansfield/OA/Foxboro,4230,,,Independent,Hockomock,7:30 P.M.,,0
2025-12-17,65269,UPCOMING,Natick,4270,,,Framingham,4143,,,Bay State,Bay State,7:40 P.M.,,0
2025-12-17,65270,UPCOMING,Whitman-Hanson/Silver Lake,4427,,,Hingham,4171,,,Patriot,Patriot,7:50 P.M.,,0
2025-12-17,65272,UPCOMING,Dennis-Yarmouth,4111,,,Nauset/Monomoy,4271,,,Cape & Islands,Cape & Islands,8:00 P.M.,,0
2025-12-17,65273,UPCOMING,Franklin,4144,,,King Philip,4197,,,Hockomock,Hockomock,8:00 P.M.,,0
2025-12-18,65274,UPCOMING,Westford,4421,,,Waltham,4405,,,Merrimack Valley/Dual County,Merrimack Valley/Dual County,5:45 P.M.,,0
2025-12-18,65277,UPCOMING,Quincy/North Quincy,4287,,,Marshfield,4234,,,Patriot,Patriot,6:00 P.M.,,0
2025-12-18,65279,UPCOMING,Wayland/Weston,4411,,,Concord-Carlisle,4097,,,Merrimack Valley/Dual County,Merrimack Valley/Dual County,8:00 P.M.,,0
