date,game_id,status,home_team,home_team_id,home_score,home_outcome,visitor_team,visitor_team_id,visitor_score,visitor_outcome,home_conference,visitor_conference,time,overtime,is_shootout_win
2024-09-03,5156,UPCOMING,Chicopee Comprehensive,4089,,,Westfield,4419,,,Valley,Valley,3:45 P.M.,,0
2024-09-03,40799,FINAL,Westfield Tech,4420,15.0,1.0,Smith Voc.,4539,45.0,0.0,Pioneer,Pioneer,,,0
2024-09-04,5086,FINAL,Braintree,4051,21.0,1.0,Natick,4270,36.0,0.0,Bay State,Bay State,4:00 P.M.,,0
2024-09-04,5176,UPCOMING,Durfee,4122,,,Diman,4115,,,Big Three,Mayflower,4:00 P.M.,,0
2024-09-04,5190,FINAL,Framingham,4143,38.0,0.0,Walpole,4404,22.0,1.0,Bay State,Bay State,4:00 P.M.,,0
2024-09-04,7148,FINAL,Natick,4270,38.0,0.0,Wellesley,4413,19.0,1.0,Bay State,Bay State,4:00 P.M.,,0
2024-09-04,7226,FINAL,Milton,4252,43.0,0.0,Newton North,4279,18.0,1.0,Bay State,Bay State,4:30 P.M.,,0
2024-09-04,7229,FINAL,Weymouth,4425,21.0,1.0,Newton North,4279,36.0,0.0,Bay State,Bay State,4:30 P.M.,,0
2024-09-04,7254,FINAL,Braintree,4051,32.0,0.0,Wellesley,4413,23.0,1.0,Bay State,Bay State,4:00 P.M.,,0
2024-09-04,7286,FINAL,Milton,4252,48.0,0.0,Weymouth,4425,15.0,1.0,Bay State,Bay State,4:30 P.M.,,0
2024-09-04,7495,FINAL,Parker Charter,4483,15.0,1.0,Bay Path,4027,50.0,0.0,Colonial,Colonial,3:30 P.M.,,0
2024-09-04,8682,FINAL,Danvers,4103,39.0,0.0,Beverly,4038,25.0,1.0,Northeastern,Northeastern,,,0
2024-09-04,8683,FINAL,Swampscott,4383,29.0,0.0,Beverly,4038,28.0,1.0,Northeastern,Northeastern,,,0
2024-09-04,8717,FINAL,Marblehead,4231,15.0,1.0,Salem,4336,45.0,0.0,Northeastern,Northeastern,,,0
2024-09-04,41081,FINAL,Hampshire,4518,15.0,1.0,McCann Tech,4240,50.0,0.0,Pioneer,Pioneer,,,0
2024-09-04,43841,FINAL,Bellingham,4033,15.0,1.0,Douglas,4506,50.0,0.0,Tri-Valley,Dual Valley,,,0
2024-09-04,43858,FINAL,Nauset,4271,29.0,0.0,Sturgis East,4456,27.0,1.0,Cape &#38; Islands,Cape &#38; Islands,,,0
2024-09-05,40793,FINAL,Springfield International,4480,25.0,1.0,Putnam,4362,34.0,0.0,Valley,Valley,,,0
2024-09-06,5170,UPCOMING,Doherty,4116,,,Notre Dame (Worcester),4451,,,Inter-High,Central Mass.,3:30 P.M.,,0
2024-09-07,5058,UPCOMING,Archbishop Williams,4012,,,Bishop Feehan,4042,,,Catholic Central,Catholic Central,10:00 A.M.,,0
2024-09-07,7509,UPCOMING,Bishop Fenwick,4043,,,Bishop Feehan,4042,,,Catholic Central,Catholic Central,10:00 A.M.,,0
2024-09-07,7510,UPCOMING,Arlington Catholic,4014,,,Bishop Feehan,4042,,,Catholic Central,Catholic Central,10:00 A.M.,,0
2024-09-07,7511,UPCOMING,Bishop Stang,4045,,,Bishop Feehan,4042,,,Catholic Central,Catholic Central,10:00 A.M.,,0
2024-09-07,7512,UPCOMING,Cardinal Spellman,4075,,,Bishop Feehan,4042,,,Catholic Central,Catholic Central,10:00 A.M.,,0
2024-09-07,7513,UPCOMING,St. Mary’s,4374,,,Bishop Feehan,4042,,,Catholic Central,Catholic Central,10:00 A.M.,,0
2024-09-08,9029,UPCOMING,Triton,4395,,,North Reading,4288,,,Cape Ann,Cape Ann,4:00 P.M.,,0
2024-09-09,5027,FINAL,Advanced Math and Science,4595,15.0,1.0,Keefe Tech,4191,50.0,0.0,Colonial,Colonial,3:30 P.M.,,0
2024-09-09,18730,FINAL,Cohasset,4094,49.0,0.0,Norwell,4296,16.0,1.0,South Shore,South Shore,,,0
2024-09-09,43634,FINAL,Rockland,4331,46.0,0.0,East Bridgewater,4126,15.0,1.0,South Shore,South Shore,,,0
2024-09-10,4978,UPCOMING,Algonquin,4005,,,Shepherd Hill,4347,,,Mid-Wach,Mid-Wach,4:00 P.M.,,0
2024-09-10,4993,FINAL,Burlington,4065,50.0,0.0,Arlington,4013,15.0,1.0,Middlesex,Middlesex,4:00 P.M.,,0
2024-09-10,5006,FINAL,Attleboro,4018,24.0,1.0,Taunton,4388,43.0,0.0,Hockomock,Hockomock,3:45 P.M.,,0
2024-09-10,5035,FINAL,Belmont,4034,15.0,1.0,Stoneham,4380,45.0,0.0,Middlesex,Middlesex,4:00 P.M.,,0
2024-09-10,5157,UPCOMING,Chicopee Comprehensive,4089,,,Amherst-Pelham,4008,,,Valley,Valley,3:45 P.M.,,0
2024-09-10,5167,UPCOMING,Somerset Berkley,4350,,,Diman,4115,,,South Coast,Mayflower,3:30 P.M.,,0
2024-09-10,7249,FINAL,Franklin,4144,15.0,1.0,Sharon,4345,48.0,0.0,Hockomock,Hockomock,3:45 P.M.,,0
2024-09-10,7358,FINAL,Silver Lake,4349,32.0,0.0,Hingham,4171,23.0,1.0,Patriot,Patriot,4:00 P.M.,,0
2024-09-10,7486,FINAL,Milford,4249,43.0,0.0,King Philip,4197,17.0,1.0,Hockomock,Hockomock,3:45 P.M.,,0
2024-09-10,8854,FINAL,Lexington,4209,15.0,1.0,Wakefield,4402,48.0,0.0,Middlesex,Middlesex,4:00 P.M.,,0
2024-09-10,8863,FINAL,Reading,4328,15.0,1.0,Watertown,4409,50.0,0.0,Middlesex,Middlesex,4:15 P.M.,,0
2024-09-10,8868,FINAL,Melrose,4244,30.0,0.0,Winchester,4434,29.0,1.0,Middlesex,Middlesex,4:15 P.M.,,0
2024-09-10,8871,FINAL,Wilmington,4432,27.0,1.0,Woburn,4438,28.0,0.0,Middlesex,Middlesex,4:00 P.M.,,0
2024-09-10,8940,UPCOMING,Plymouth South,4316,,,Pembroke,4308,,,Patriot,Patriot,4:00 P.M.,,0
2024-09-10,8956,FINAL,Duxbury,4123,23.0,1.0,Plymouth North,4315,36.0,0.0,Patriot,Patriot,4:00 P.M.,,0
2024-09-10,8963,FINAL,Whitman-Hanson,4427,50.0,0.0,Marshfield,4234,15.0,1.0,Patriot,Patriot,4:00 P.M.,,0
2024-09-10,8999,FINAL,Oliver Ames,4302,15.0,1.0,Mansfield,4230,50.0,0.0,Hockomock,Hockomock,3:45 P.M.,,0
2024-09-10,9004,FINAL,North Attleborough,4284,20.0,1.0,Stoughton,4381,39.0,0.0,Hockomock,Hockomock,3:45 P.M.,,0
2024-09-10,9176,FINAL,Groton-Dunstable,4160,32.0,0.0,Nashoba,4267,23.0,1.0,Mid-Wach,Mid-Wach,4:00 P.M.,,0
2024-09-10,9207,FINAL,Leominster,4208,43.0,0.0,Nashoba,4267,17.0,1.0,Mid-Wach,Mid-Wach,4:00 P.M.,,0
2024-09-10,9220,FINAL,Dighton-Rehoboth,4114,38.0,0.0,Apponequet,4011,17.0,1.0,South Coast,South Coast,4:00 P.M.,,0
2024-09-10,9222,FINAL,Hudson,4182,50.0,0.0,Tyngsborough,4397,15.0,1.0,Mid-Wach,Mid-Wach,4:00 P.M.,,0
2024-09-10,9231,FINAL,Dennis-Yarmouth,4111,21.0,1.0,Sturgis West,4735,44.0,0.0,Cape &#38; Islands,Cape &#38; Islands,,,0
2024-09-10,9232,FINAL,Sturgis East,4456,15.0,1.0,Rising Tide Charter,4746,50.0,0.0,Cape &#38; Islands,Cape &#38; Islands,,,0
2024-09-10,40365,FINAL,Blackstone Valley,4046,31.0,0.0,Monty Tech,4259,28.0,1.0,Colonial,Colonial,,,0
2024-09-10,40566,FINAL,Blackstone Valley,4046,15.0,1.0,University Park/Claremont,4514,50.0,0.0,Colonial,Colonial,,,0
2024-09-10,40620,FINAL,Greater New Bedford,4156,31.0,0.0,Old Rochester,4301,26.0,1.0,South Coast,South Coast,,,0
2024-09-10,43535,FINAL,Monomoy,4706,21.0,1.0,Cape Cod Academy,4072,27.0,0.0,Cape &#38; Islands,Cape &#38; Islands,,,0
2024-09-10,43842,FINAL,Blackstone-Millville,4486,50.0,0.0,Bellingham,4033,15.0,1.0,Dual Valley,Tri-Valley,,,0
2024-09-11,5074,UPCOMING,Bedford,4031,,,Boston Latin,4049,,,Dual County,Dual County,4:00 P.M.,,0
2024-09-11,5087,FINAL,Braintree,4051,23.0,1.0,Newton North,4279,30.0,0.0,Bay State,Bay State,4:30 P.M.,,0
2024-09-11,5148,FINAL,Chelmsford,4085,46.0,0.0,North Andover,4283,17.0,1.0,Merrimack Valley,Merrimack Valley,4:00 P.M.,,0
2024-09-11,5191,FINAL,Milton,4252,20.0,1.0,Framingham,4143,43.0,0.0,Bay State,Bay State,4:30 P.M.,,0
2024-09-11,7150,FINAL,Needham,4272,19.0,1.0,Natick,4270,44.0,0.0,Bay State,Bay State,4:00 P.M.,,0
2024-09-11,7498,FINAL,Beverly,4038,24.0,1.0,Marblehead,4231,31.0,0.0,Northeastern,Northeastern,4:00 P.M.,,0
2024-09-11,8905,FINAL,Tewksbury,4389,41.0,0.0,Lowell,4216,18.0,1.0,Merrimack Valley,Merrimack Valley,4:00 P.M.,,0
2024-09-11,8912,FINAL,Billerica,4040,15.0,1.0,Methuen,4246,50.0,0.0,Merrimack Valley,Merrimack Valley,3:45 P.M.,,0
2024-09-11,8933,FINAL,Scituate,4343,27.0,1.0,Hanover,4164,32.0,0.0,Patriot,Patriot,4:00 P.M.,,0
2024-09-11,8984,FINAL,Foxborough,4142,45.0,0.0,Canton,4071,17.0,1.0,Hockomock,Hockomock,3:45 P.M.,,0
2024-09-11,9013,FINAL,Hamilton-Wenham,4163,15.0,1.0,Georgetown,4148,48.0,0.0,Cape Ann,Cape Ann,3:30 P.M.,,0
2024-09-11,9027,FINAL,Essex Tech,4745,40.0,0.0,Triton,4395,18.0,1.0,Cape Ann,Cape Ann,4:00 P.M.,,0
2024-09-11,9036,FINAL,Amesbury,4007,25.0,1.0,Lynnfield,4223,30.0,0.0,Cape Ann,Cape Ann,4:00 P.M.,,0
2024-09-11,9048,FINAL,Ipswich,4190,37.0,0.0,Manchester Essex/Rockport,4229,22.0,1.0,Cape Ann,Cape Ann,4:00 P.M.,,0
2024-09-11,9093,FINAL,Medford,4242,45.0,0.0,Lynn English,4221,18.0,1.0,Greater Boston,Greater Boston,4:00 P.M.,,0
2024-09-11,9143,FINAL,Salem,4336,46.0,0.0,Masconomet,4236,17.0,1.0,Northeastern,Northeastern,4:30 P.M.,,0
2024-09-11,9144,FINAL,Winthrop,4437,15.0,1.0,Masconomet,4236,50.0,0.0,Northeastern,Northeastern,4:30 P.M.,,0
2024-09-11,9241,FINAL,Holliston,4174,19.0,1.0,Norwood,4297,42.0,0.0,Tri-Valley,Tri-Valley,4:30 P.M.,,0
2024-09-11,9243,FINAL,Newburyport,4276,15.0,1.0,Pentucket,4309,50.0,0.0,Cape Ann,Cape Ann,,,0
2024-09-11,9261,FINAL,Tri-County,4392,20.0,1.0,Bristol Aggie,4463,39.0,0.0,Mayflower,Mayflower,3:30 P.M.,,0
2024-09-11,9267,FINAL,Silver Lake,4349,32.0,0.0,Hingham,4171,23.0,1.0,Patriot,Patriot,,,0
2024-09-11,9269,FINAL,Central Catholic,4081,17.0,1.0,Dracut,4119,46.0,0.0,Merrimack Valley,Merrimack Valley,3:45 P.M.,,0
2024-09-11,9272,FINAL,Wellesley,4413,16.0,1.0,Brookline,4059,51.0,0.0,Bay State,Bay State,,,0
2024-09-11,9276,FINAL,Wellesley,4413,16.0,1.0,Walpole,4404,51.0,0.0,Bay State,Bay State,,,0
2024-09-11,9277,FINAL,Brookline,4059,22.0,1.0,Walpole,4404,39.0,0.0,Bay State,Bay State,,,0
2024-09-11,41188,FINAL,Minuteman,4255,32.0,0.0,Mystic Valley,4264,27.0,1.0,Commonwealth,Commonwealth,,,0
2024-09-11,42190,FINAL,New Bedford,4273,27.0,1.0,Bishop Stang,4045,28.0,0.0,Big Three,Catholic Central,,,0
2024-09-11,42419,FINAL,Everett,4132,15.0,1.0,Lynn Classical,4220,40.0,0.0,Greater Boston,Greater Boston,,,0
2024-09-11,42446,FINAL,Medford,4242,45.0,0.0,Everett,4132,18.0,1.0,Greater Boston,Greater Boston,,,0
2024-09-11,43423,FINAL,Dedham,4108,25.0,1.0,Medway,4243,34.0,0.0,Tri-Valley,Tri-Valley,,,0
2024-09-12,9071,FINAL,Somerville,4351,27.0,1.0,Revere,4329,28.0,0.0,Greater Boston,Greater Boston,4:00 P.M.,,0
2024-09-12,9081,FINAL,Chelsea,4086,44.0,0.0,Malden,4227,22.0,1.0,Greater Boston,Greater Boston,4:00 P.M.,,0
2024-09-12,9355,FINAL,Mashpee,4237,44.0,0.0,Abington,4002,18.0,1.0,South Shore,South Shore,,,0
2024-09-12,18731,FINAL,Carver,4077,50.0,0.0,Norwell,4296,15.0,1.0,South Shore,South Shore,,,0
2024-09-12,40924,FINAL,Southeastern,4358,18.0,1.0,Upper Cape,4457,43.0,0.0,Mayflower,Mayflower,,,0
2024-09-12,43332,FINAL,Sandwich,4340,18.0,1.0,Rockland,4331,39.0,0.0,South Shore,South Shore,,,0
2024-09-12,43553,FINAL,East Bridgewater,4126,20.0,1.0,Cohasset,4094,40.0,0.0,South Shore,South Shore,,,0
2024-09-13,40567,FINAL,Advanced Math and Science,4595,22.0,1.0,Blackstone Valley,4046,39.0,0.0,Colonial,Colonial,,,0
2024-09-16,5007,FINAL,Franklin,4144,17.0,1.0,Attleboro,4018,48.0,0.0,Hockomock,Hockomock,3:45 P.M.,,0
2024-09-16,9056,UPCOMING,Lynn English,4221,,,Everett,4132,,,Greater Boston,Greater Boston,4:00 P.M.,,0
2024-09-16,9072,FINAL,Somerville,4351,19.0,1.0,Chelsea,4086,42.0,0.0,Greater Boston,Greater Boston,4:00 P.M.,,0
2024-09-16,9088,FINAL,Malden,4227,23.0,1.0,Lynn Classical,4220,37.0,0.0,Greater Boston,Greater Boston,4:00 P.M.,,0
2024-09-16,9097,FINAL,Revere,4329,21.0,0.0,Medford,4242,19.0,1.0,Greater Boston,Greater Boston,4:15 P.M.,,0
2024-09-16,43879,FINAL,Arlington Catholic,4014,50.0,0.0,Bishop Feehan,4042,15.0,1.0,Catholic Central,Catholic Central,,,0
2024-09-17,4979,FINAL,Westborough,4418,24.0,1.0,Algonquin,4005,32.0,0.0,Mid-Wach,Mid-Wach,4:00 P.M.,,0
2024-09-17,4994,FINAL,Lexington,4209,20.0,1.0,Arlington,4013,42.0,0.0,Middlesex,Middlesex,4:15 P.M.,,0
2024-09-17,5024,FINAL,Bay Path,4027,35.0,0.0,Blackstone Valley,4046,22.0,1.0,Colonial,Colonial,3:30 P.M.,,0
2024-09-17,5036,FINAL,Winchester,4434,20.0,1.0,Belmont,4034,37.0,0.0,Middlesex,Middlesex,4:00 P.M.,,0
2024-09-17,5059,FINAL,Bishop Fenwick,4043,29.0,0.0,Bishop Feehan,4042,28.0,1.0,Catholic Central,Catholic Central,4:00 P.M.,,0
2024-09-17,5158,FINAL,Chicopee Comprehensive,4089,31.0,0.0,Chicopee,4088,24.0,1.0,Valley,Valley,3:45 P.M.,,0
2024-09-17,5168,FINAL,Diman,4115,22.0,1.0,Southeastern,4358,38.0,0.0,Mayflower,Mayflower,3:30 P.M.,,0
2024-09-17,7361,FINAL,Hingham,4171,24.0,1.0,Plymouth North,4315,36.0,0.0,Patriot,Patriot,3:30 P.M.,,0
2024-09-17,7487,FINAL,Taunton,4388,35.0,0.0,King Philip,4197,25.0,1.0,Hockomock,Hockomock,3:45 P.M.,,0
2024-09-17,8864,FINAL,Reading,4328,33.0,0.0,Woburn,4438,23.0,1.0,Middlesex,Middlesex,4:00 P.M.,,0
2024-09-17,8878,FINAL,Wilmington,4432,37.0,0.0,Stoneham,4380,19.0,1.0,Middlesex,Middlesex,4:00 P.M.,,0
2024-09-17,8894,FINAL,Melrose,4244,15.0,1.0,Watertown,4409,50.0,0.0,Middlesex,Middlesex,4:15 P.M.,,0
2024-09-17,8899,FINAL,Burlington,4065,36.0,0.0,Wakefield,4402,23.0,1.0,Middlesex,Middlesex,4:00 P.M.,,0
2024-09-17,8934,FINAL,Hanover,4164,24.0,1.0,Plymouth South,4316,32.0,0.0,Patriot,Patriot,4:00 P.M.,,0
2024-09-17,8948,FINAL,Scituate,4343,37.0,0.0,Quincy/North Quincy,4326,18.0,1.0,Patriot,Patriot,4:00 P.M.,,0
2024-09-17,8957,FINAL,Marshfield,4234,15.0,1.0,Duxbury,4123,46.0,0.0,Patriot,Patriot,4:00 P.M.,,0
2024-09-17,8971,FINAL,Whitman-Hanson,4427,36.0,0.0,Silver Lake,4349,21.0,1.0,Patriot,Patriot,4:00 P.M.,,0
2024-09-17,8975,FINAL,Sharon,4345,25.0,1.0,Milford,4249,34.0,0.0,Hockomock,Hockomock,3:45 P.M.,,0
2024-09-17,8985,FINAL,Stoughton,4381,49.0,0.0,Canton,4071,15.0,1.0,Hockomock,Hockomock,3:45 P.M.,,0
2024-09-17,9000,FINAL,North Attleborough,4284,19.0,1.0,Mansfield,4230,40.0,0.0,Hockomock,Hockomock,3:45 P.M.,,0
2024-09-17,9580,FINAL,St. Mary’s,4374,28.0,2.0,Bishop Stang,4045,28.0,2.0,Catholic Central,Catholic Central,,,0
2024-09-17,9581,FINAL,St. Mary’s,4374,27.0,1.0,Arlington Catholic,4014,28.0,0.0,Catholic Central,Catholic Central,,,0
2024-09-17,9590,FINAL,Nauset,4271,29.0,0.0,Dennis-Yarmouth,4111,28.0,1.0,Cape &#38; Islands,Cape &#38; Islands,,,0
2024-09-17,9605,FINAL,Archbishop Williams,4012,15.0,1.0,Cardinal Spellman,4075,50.0,0.0,Catholic Central,Catholic Central,,,0
2024-09-17,9608,FINAL,Shepherd Hill,4347,43.0,0.0,Shrewsbury,4348,16.0,1.0,Mid-Wach,Mid-Wach,,,0
2024-09-17,9630,FINAL,Apponequet,4011,41.0,0.0,Greater New Bedford,4156,27.0,1.0,South Coast,South Coast,,,0
2024-09-17,9695,FINAL,Middleborough,4247,19.0,1.0,Abington,4002,42.0,0.0,South Shore,South Shore,,,0
2024-09-17,9847,FINAL,Somerset Berkley,4350,36.0,0.0,Dighton-Rehoboth,4114,24.0,1.0,South Coast,South Coast,,,0
2024-09-17,40368,FINAL,Parker Charter,4483,19.0,1.0,Monty Tech,4259,39.0,0.0,Colonial,Colonial,,,0
2024-09-17,43349,FINAL,Falmouth,4134,15.0,1.0,Martha’s Vineyard,4235,50.0,0.0,Cape &#38; Islands,Cape &#38; Islands,,,0
2024-09-17,43636,FINAL,Carver,4077,50.0,0.0,East Bridgewater,4126,15.0,1.0,South Shore,South Shore,,,0
2024-09-17,43695,FINAL,West Bridgewater,4415,28.0,1.0,Fairhaven,4133,29.0,0.0,South Coast,South Coast,,,0
2024-09-17,43771,FINAL,Rockland,4331,37.0,0.0,Mashpee,4237,24.0,1.0,South Shore,South Shore,,,0
2024-09-17,43786,FINAL,Falmouth,4134,24.0,1.0,Sturgis West,4735,34.0,0.0,Cape &#38; Islands,Cape &#38; Islands,,,0
2024-09-17,43788,FINAL,Falmouth Academy,4135,24.0,1.0,Sturgis West,4735,34.0,0.0,Cape &#38; Islands,Cape &#38; Islands,,,0
2024-09-17,43834,FINAL,Rising Tide Charter,4746,15.0,1.0,Cape Cod Academy,4072,50.0,0.0,Cape &#38; Islands,Cape &#38; Islands,,,0
2024-09-18,5046,FINAL,Billerica,4040,15.0,1.0,Lawrence,4203,50.0,0.0,Merrimack Valley,Merrimack Valley,3:30 P.M.,,0
2024-09-18,5088,FINAL,Walpole,4404,43.0,0.0,Braintree,4051,15.0,1.0,Bay State,Bay State,4:00 P.M.,,0
2024-09-18,5140,FINAL,Methuen,4246,50.0,0.0,Central Catholic,4081,15.0,1.0,Merrimack Valley,Merrimack Valley,3:45 P.M.,,0
2024-09-18,5177,FINAL,Durfee,4122,15.0,1.0,Brockton,4058,50.0,0.0,Big Three,Big Three,4:00 P.M.,,0
2024-09-18,5192,FINAL,Needham,4272,15.0,1.0,Framingham,4143,50.0,0.0,Bay State,Bay State,4:30 P.M.,,0
2024-09-18,7138,FINAL,Newton North,4279,15.0,1.0,Framingham,4143,50.0,0.0,Bay State,Bay State,4:30 P.M.,,0
2024-09-18,7234,FINAL,Newton North,4279,23.0,1.0,Needham,4272,35.0,0.0,Bay State,Bay State,4:30 P.M.,,0
2024-09-18,7311,FINAL,North Andover,4283,19.0,1.0,Haverhill,4167,42.0,0.0,Merrimack Valley,Merrimack Valley,4:00 P.M.,,0
2024-09-18,7419,FINAL,Norwood,4297,40.0,0.0,Hopkinton,4180,19.0,1.0,Tri-Valley,Tri-Valley,4:30 P.M.,,0
2024-09-18,7492,FINAL,Andover,4009,15.0,1.0,Tewksbury,4389,48.0,0.0,Merrimack Valley,Merrimack Valley,4:00 P.M.,,0
2024-09-18,8992,FINAL,Oliver Ames,4302,15.0,1.0,Foxborough,4142,50.0,0.0,Hockomock,Hockomock,3:45 P.M.,,0
2024-09-18,9014,FINAL,Hamilton-Wenham,4163,17.0,1.0,Ipswich,4190,44.0,0.0,Cape Ann,Cape Ann,3:30 P.M.,,0
2024-09-18,9022,FINAL,Pentucket,4309,43.0,0.0,Triton,4395,26.0,1.0,Cape Ann,Cape Ann,4:00 P.M.,,0
2024-09-18,9031,FINAL,North Reading,4288,34.0,0.0,Essex Tech,4745,24.0,1.0,Cape Ann,Cape Ann,4:00 P.M.,,0
2024-09-18,9037,FINAL,Amesbury,4007,15.0,1.0,Georgetown,4148,47.0,0.0,Cape Ann,Cape Ann,4:00 P.M.,,0
2024-09-18,9051,FINAL,Manchester Essex/Rockport,4229,27.0,1.0,Lynnfield,4223,30.0,0.0,Cape Ann,Cape Ann,4:00 P.M.,,0
2024-09-18,9057,UPCOMING,Chelsea,4086,,,Everett,4132,,,Greater Boston,Greater Boston,4:00 P.M.,,0
2024-09-18,9073,FINAL,Somerville,4351,15.0,1.0,Lynn English,4221,50.0,0.0,Greater Boston,Greater Boston,4:00 P.M.,,0
2024-09-18,9089,FINAL,Revere,4329,20.0,1.0,Lynn Classical,4220,35.0,0.0,Greater Boston,Greater Boston,4:00 P.M.,,0
2024-09-18,9098,FINAL,Malden,4227,21.0,1.0,Medford,4242,34.0,0.0,Greater Boston,Greater Boston,4:00 P.M.,,0
2024-09-18,9135,FINAL,Marblehead,4231,28.0,1.0,Swampscott,4383,29.0,0.0,Northeastern,Northeastern,4:30 P.M.,,0
2024-09-18,9145,FINAL,Masconomet,4236,31.0,0.0,Peabody,4306,24.0,1.0,Northeastern,Northeastern,4:30 P.M.,,0
2024-09-18,9868,FINAL,Notre Dame (Hingham),4449,20.0,1.0,Malden Catholic,4228,43.0,0.0,Catholic Conference,Catholic Conference,4:00 P.M.,,0
2024-09-18,9874,FINAL,Tri-County,4392,15.0,1.0,Bristol-Plymouth,4057,45.0,0.0,Mayflower,Independent,3:30 P.M.,,0
2024-09-18,9886,FINAL,Dedham,4108,33.0,0.0,Holliston,4174,18.0,1.0,Tri-Valley,Tri-Valley,4:30 P.M.,,0
2024-09-18,9894,FINAL,Brookline,4059,47.0,0.0,Weymouth,4425,16.0,1.0,Bay State,Bay State,,,0
2024-09-18,9899,FINAL,Lowell,4216,21.0,1.0,Chelmsford,4085,34.0,0.0,Merrimack Valley,Merrimack Valley,,,0
2024-09-18,9901,FINAL,Beaver Country Day,4030,50.0,0.0,Newton Country Day,4278,15.0,1.0,EIL,EIL,,,0
2024-09-18,9905,FINAL,Bellingham,4033,48.0,0.0,Norton,4295,20.0,1.0,Tri-Valley,Tri-Valley,3:45 P.M.,,0
2024-09-18,9923,FINAL,Ursuline,4448,25.0,1.0,Fontbonne,4447,37.0,0.0,Catholic Conference,Catholic Conference,,,0
2024-09-18,9958,FINAL,Milton,4252,46.0,0.0,Wellesley,4413,16.0,1.0,Bay State,Bay State,,,0
2024-09-18,10051,FINAL,Millis,4251,35.0,0.0,Dover-Sherborn,4118,24.0,1.0,Tri-Valley,Tri-Valley,3:45 P.M.,,0
2024-09-18,11555,FINAL,Medway,4243,49.0,0.0,Medfield,4241,15.0,1.0,Tri-Valley,Tri-Valley,3:45 P.M.,,0
2024-09-18,18698,FINAL,Ashland,4015,36.0,0.0,Westwood,4424,19.0,1.0,Tri-Valley,Tri-Valley,4:30 P.M.,,0
2024-09-18,43313,FINAL,Old Rochester,4301,16.0,1.0,Dartmouth,4105,45.0,0.0,South Coast,Southeast,,,0
2024-09-19,10032,FINAL,Doherty,4116,26.0,1.0,Worcester Tech,4445,35.0,0.0,Inter-High,Inter-High,,,0
2024-09-19,10033,FINAL,Ayer Shirley,4022,16.0,1.0,Maynard,4239,44.0,0.0,Mid-Wach,Mid-Wach,,,0
2024-09-19,10034,FINAL,Clinton,4093,17.0,1.0,South Lancaster,4484,45.0,0.0,Mid-Wach,Worcester County,,,0
2024-09-19,10035,FINAL,Gardner,4147,15.0,1.0,Tahanto,4513,40.0,0.0,Mid-Wach,Mid-Wach,,,0
2024-09-21,10116,FINAL,Brooks,4060,34.0,0.0,Tabor,4384,25.0,1.0,ISL,ISL,,,0
2024-09-23,5025,FINAL,Bay Path,4027,15.0,1.0,David Prouty,4106,40.0,0.0,Colonial,SWCL,3:30 P.M.,,0
2024-09-24,4980,UPCOMING,Algonquin,4005,,,Wachusett,4400,,,Mid-Wach,Mid-Wach,4:00 P.M.,,0
2024-09-24,5008,FINAL,King Philip,4197,25.0,1.0,Attleboro,4018,34.0,0.0,Hockomock,Hockomock,3:45 P.M.,,0
2024-09-24,5015,FINAL,Barnstable,4024,22.0,1.0,Falmouth,4134,41.0,0.0,Cape &#38; Islands,Cape &#38; Islands,3:30 P.M.,,0
2024-09-24,5026,POSTPONED,South Lancaster,4484,,,Bay Path,4027,,,Worcester County,Colonial,4:00 P.M.,,0
2024-09-24,5037,FINAL,Belmont,4034,20.0,1.0,Reading,4328,39.0,0.0,Middlesex,Middlesex,4:00 P.M.,,0
2024-09-24,5060,FINAL,St. Mary’s,4374,43.0,0.0,Bishop Feehan,4042,20.0,1.0,Catholic Central,Catholic Central,4:00 P.M.,,0
2024-09-24,5159,UPCOMING,Longmeadow,4214,,,Chicopee Comprehensive,4089,,,Valley,Valley,3:45 P.M.,,0
2024-09-24,7365,FINAL,Hingham,4171,35.0,0.0,Duxbury,4123,20.0,1.0,Patriot,Patriot,4:00 P.M.,,0
2024-09-24,8855,FINAL,Woburn,4438,42.0,0.0,Lexington,4209,19.0,1.0,Middlesex,Middlesex,4:00 P.M.,,0
2024-09-24,8879,FINAL,Stoneham,4380,50.0,0.0,Melrose,4244,15.0,1.0,Middlesex,Middlesex,4:00 P.M.,,0
2024-09-24,8887,FINAL,Watertown,4409,45.0,0.0,Wakefield,4402,17.0,1.0,Middlesex,Middlesex,4:15 P.M.,,0
2024-09-24,8900,FINAL,Burlington,4065,16.0,1.0,Wilmington,4432,47.0,0.0,Middlesex,Middlesex,4:00 P.M.,,0
2024-09-24,8935,FINAL,Hanover,4164,33.0,0.0,Quincy/North Quincy,4326,22.0,1.0,Patriot,Patriot,4:00 P.M.,,0
2024-09-24,8941,FINAL,Pembroke,4308,31.0,0.0,Scituate,4343,26.0,1.0,Patriot,Patriot,4:00 P.M.,,0
2024-09-24,8951,UPCOMING,North Quincy/Quincy,4287,,,Quincy/North Quincy,4326,,,Patriot,Patriot,4:00 P.M.,,0
2024-09-24,8964,FINAL,Silver Lake,4349,50.0,0.0,Marshfield,4234,15.0,1.0,Patriot,Patriot,4:00 P.M.,,0
2024-09-24,8968,FINAL,Plymouth North,4315,26.0,1.0,Whitman-Hanson,4427,30.0,0.0,Patriot,Patriot,3:30 P.M.,,0
2024-09-24,8979,FINAL,Sharon,4345,25.0,1.0,Taunton,4388,36.0,0.0,Hockomock,Hockomock,3:45 P.M.,,0
2024-09-24,9007,FINAL,Stoughton,4381,50.0,0.0,Oliver Ames,4302,15.0,1.0,Hockomock,Hockomock,3:45 P.M.,,0
2024-09-24,10164,FINAL,Nashoba,4267,23.0,1.0,North Middlesex,4286,33.0,0.0,Mid-Wach,Mid-Wach,4:00 P.M.,,0
2024-09-24,10165,FINAL,Greater New Bedford,4156,18.0,1.0,Somerset Berkley,4350,50.0,0.0,South Coast,South Coast,3:45 P.M.,,0
2024-09-24,10196,FINAL,Bishop Stang,4045,45.0,0.0,Bishop Fenwick,4043,17.0,1.0,Catholic Central,Catholic Central,4:00 P.M.,,0
2024-09-24,10197,FINAL,Bishop Stang,4045,45.0,0.0,Archbishop Williams,4012,17.0,1.0,Catholic Central,Catholic Central,4:00 P.M.,,0
2024-09-24,10198,FINAL,Dighton-Rehoboth,4114,38.0,0.0,Apponequet,4011,17.0,1.0,South Coast,South Coast,4:00 P.M.,,0
2024-09-24,10230,FINAL,Renaissance,4664,50.0,0.0,Springfield Central,4360,15.0,1.0,Valley,Valley,4:00 P.M.,,0
2024-09-24,10235,FINAL,Cardinal Spellman,4075,35.0,0.0,Arlington Catholic,4014,21.0,1.0,Catholic Central,Catholic Central,,,0
2024-09-24,10238,FINAL,Mashpee,4237,36.0,0.0,Cohasset,4094,22.0,1.0,South Shore,South Shore,4:30 P.M.,,0
2024-09-24,18732,FINAL,Middleborough,4247,49.0,0.0,Norwell,4296,16.0,1.0,South Shore,South Shore,,,0
2024-09-24,40025,FINAL,Bristol-Plymouth,4057,36.0,0.0,Southeastern,4358,23.0,1.0,Independent,Mayflower,3:30 P.M.,,0
2024-09-24,40370,FINAL,Keefe Tech,4191,50.0,0.0,Monty Tech,4259,15.0,1.0,Colonial,Colonial,,,0
2024-09-24,40480,FINAL,Assabet,4016,35.0,0.0,St. Paul,4954,20.0,1.0,Colonial,Worcester County,,,0
2024-09-24,40568,FINAL,Parker Charter,4483,26.0,1.0,Blackstone Valley,4046,29.0,0.0,Colonial,Colonial,,,0
2024-09-24,40794,FINAL,Agawam,4004,47.0,0.0,Putnam,4362,15.0,1.0,Valley,Valley,,,0
2024-09-24,40856,FINAL,South Shore Voc-Tech,4356,17.0,1.0,Holbrook/Avon,4172,42.0,0.0,Mayflower,Mayflower,,,0
2024-09-24,41083,FINAL,McCann Tech,4240,50.0,0.0,Frontier,4146,15.0,1.0,Pioneer,Pioneer,,,0
2024-09-24,43316,FINAL,Old Rochester,4301,19.0,1.0,Apponequet,4011,40.0,0.0,South Coast,South Coast,,,0
2024-09-24,43671,FINAL,Martha’s Vineyard,4235,50.0,0.0,Nauset,4271,15.0,1.0,Cape &#38; Islands,Cape &#38; Islands,,,0
2024-09-24,43849,FINAL,Archbishop Williams,4012,38.0,1.0,Bishop Fenwick,4043,40.0,0.0,Catholic Central,Catholic Central,,,0
2024-09-25,4995,FINAL,Winchester,4434,26.0,1.0,Arlington,4013,30.0,0.0,Middlesex,Middlesex,4:00 P.M.,,0
2024-09-25,5047,FINAL,Billerica,4040,17.0,1.0,North Andover,4283,42.0,0.0,Merrimack Valley,Merrimack Valley,4:00 P.M.,,0
2024-09-25,5075,UPCOMING,Waltham,4405,,,Boston Latin,4049,,,Dual County,Dual County,4:30 P.M.,,0
2024-09-25,5089,FINAL,Brookline,4059,41.0,0.0,Braintree,4051,15.0,1.0,Bay State,Bay State,4:00 P.M.,,0
2024-09-25,5123,FINAL,Concord-Carlisle,4097,28.0,0.0,Cambridge,4067,27.0,1.0,Dual County,Dual County,4:00 P.M.,,0
2024-09-25,5124,FINAL,Acton-Boxborough,4003,50.0,0.0,Cambridge,4067,15.0,1.0,Dual County,Dual County,4:00 A.M.,,0
2024-09-25,5141,FINAL,Chelmsford,4085,45.0,0.0,Central Catholic,4081,17.0,1.0,Merrimack Valley,Merrimack Valley,3:45 P.M.,,0
2024-09-25,5178,FINAL,Dartmouth,4105,15.0,1.0,Durfee,4122,50.0,0.0,Southeast,Big Three,4:00 P.M.,,0
2024-09-25,5183,FINAL,Everett,4132,50.0,0.0,Malden,4227,15.0,1.0,Greater Boston,Greater Boston,4:00 P.M.,,0
2024-09-25,5193,FINAL,Framingham,4143,41.0,0.0,Braintree,4051,20.0,1.0,Bay State,Bay State,4:00 P.M.,,0
2024-09-25,7134,FINAL,Framingham,4143,40.0,0.0,Brookline,4059,21.0,1.0,Bay State,Bay State,4:00 P.M.,,0
2024-09-25,7152,FINAL,Natick,4270,46.0,0.0,Weymouth,4425,18.0,1.0,Bay State,Bay State,4:00 P.M.,,0
2024-09-25,7289,FINAL,Walpole,4404,41.0,0.0,Needham,4272,20.0,1.0,Bay State,Bay State,4:00 P.M.,,0
2024-09-25,7291,FINAL,Milton,4252,39.0,0.0,Needham,4272,21.0,1.0,Bay State,Bay State,4:00 P.M.,,0
2024-09-25,7293,FINAL,Walpole,4404,35.0,0.0,Milton,4252,23.0,1.0,Bay State,Bay State,4:00 P.M.,,0
2024-09-25,7315,FINAL,Central Catholic,4081,19.0,1.0,Haverhill,4167,36.0,0.0,Merrimack Valley,Merrimack Valley,3:45 P.M.,,0
2024-09-25,7424,FINAL,Hopkinton,4180,15.0,1.0,Dedham,4108,48.0,0.0,Tri-Valley,Tri-Valley,3:45 P.M.,,0
2024-09-25,8913,UPCOMING,Tewksbury,4389,,,Dracut,4119,,,Merrimack Valley,Merrimack Valley,4:00 P.M.,,0
2024-09-25,8914,UPCOMING,Dracut,4119,,,Methuen,4246,,,Merrimack Valley,Merrimack Valley,4:00 P.M.,,0
2024-09-25,8915,UPCOMING,Tewksbury,4389,,,Methuen,4246,,,Merrimack Valley,Merrimack Valley,4:00 P.M.,,0
2024-09-25,8986,FINAL,Canton,4071,20.0,1.0,North Attleborough,4284,41.0,0.0,Hockomock,Hockomock,3:45 P.M.,,0
2024-09-25,8993,FINAL,Mansfield,4230,39.0,0.0,Foxborough,4142,21.0,1.0,Hockomock,Hockomock,3:15 P.M.,,0
2024-09-25,9015,FINAL,Amesbury,4007,35.0,0.0,Hamilton-Wenham,4163,21.0,1.0,Cape Ann,Cape Ann,3:30 P.M.,,0
2024-09-25,9023,FINAL,Pentucket,4309,32.0,0.0,Essex Tech,4745,24.0,1.0,Cape Ann,Cape Ann,4:00 P.M.,,0
2024-09-25,9043,FINAL,Georgetown,4148,44.0,0.0,Manchester Essex/Rockport,4229,17.0,1.0,Cape Ann,Cape Ann,4:00 P.M.,,0
2024-09-25,9049,FINAL,Lynnfield,4223,20.0,1.0,Ipswich,4190,41.0,0.0,Cape Ann,Cape Ann,3:30 P.M.,,0
2024-09-25,9074,FINAL,Medford,4242,26.0,1.0,Somerville,4351,29.0,0.0,Greater Boston,Greater Boston,4:00 P.M.,,0
2024-09-25,9082,FINAL,Lynn Classical,4220,27.0,1.0,Chelsea,4086,29.0,0.0,Greater Boston,Greater Boston,4:00 P.M.,,0
2024-09-25,9094,FINAL,Revere,4329,19.0,1.0,Lynn English,4221,36.0,0.0,Greater Boston,Greater Boston,4:00 P.M.,,0
2024-09-25,9136,FINAL,Marblehead,4231,17.0,1.0,Winthrop,4437,42.0,0.0,Northeastern,Northeastern,4:30 P.M.,,0
2024-09-25,10246,FINAL,Norton,4295,32.0,0.0,Medfield,4241,25.0,1.0,Tri-Valley,Tri-Valley,4:00 P.M.,,0
2024-09-25,10252,FINAL,Ashland,4015,30.0,0.0,Norwood,4297,28.0,1.0,Tri-Valley,Tri-Valley,5:00 P.M.,,0
2024-09-25,10272,FINAL,North Reading,4288,45.0,0.0,Newburyport,4276,18.0,1.0,Cape Ann,Cape Ann,3:30 P.M.,,0
2024-09-25,10274,FINAL,Dover-Sherborn,4118,17.0,1.0,Medway,4243,43.0,0.0,Tri-Valley,Tri-Valley,3:30 P.M.,,0
2024-09-25,10276,FINAL,Ursuline,4448,23.0,1.0,Malden Catholic,4228,49.0,0.0,Catholic Conference,Catholic Conference,3:00 P.M.,,0
2024-09-25,10287,FINAL,Andover,4009,15.0,1.0,Lawrence,4203,50.0,0.0,Merrimack Valley,Merrimack Valley,,,0
2024-09-25,10288,FINAL,Andover,4009,23.0,1.0,Lowell,4216,34.0,0.0,Merrimack Valley,Merrimack Valley,,,0
2024-09-25,10322,FINAL,Hingham,4171,35.0,0.0,Duxbury,4123,20.0,1.0,Patriot,Patriot,,,0
2024-09-25,10353,FINAL,Holliston,4174,33.0,0.0,Westwood,4424,26.0,1.0,Tri-Valley,Tri-Valley,,,0
2024-09-25,10410,FINAL,Acton-Boxborough,4003,36.0,0.0,Concord-Carlisle,4097,23.0,1.0,Dual County,Dual County,,,0
2024-09-25,41477,FINAL,Whittier,4428,25.0,1.0,Northeast,4293,31.0,0.0,Commonwealth,Commonwealth,,,0
2024-09-25,42191,FINAL,Brockton,4058,39.0,0.0,New Bedford,4273,22.0,1.0,Big Three,Big Three,,,0
2024-09-27,5171,UPCOMING,North Middlesex,4286,,,Doherty,4116,,,Mid-Wach,Inter-High,4:15 P.M.,,0
2024-09-27,10685,FINAL,Notre Dame (Hingham),4449,21.0,1.0,Fontbonne,4447,37.0,0.0,Catholic Conference,Catholic Conference,,,0
2024-09-27,40372,FINAL,Monty Tech,4259,15.0,1.0,Sizer,4509,50.0,0.0,Colonial,Worcester County,,,0
2024-09-28,10867,FINAL,Middlesex,4248,31.0,0.0,BB&N,4028,24.0,1.0,ISL,ISL,,,0
2024-09-28,10868,FINAL,St. Mark’s,4372,41.0,0.0,BB&N,4028,20.0,1.0,ISL,ISL,,,0
2024-09-28,10869,FINAL,St. Mark’s,4372,40.0,0.0,Middlesex,4248,21.0,1.0,ISL,ISL,,,0
2024-09-30,7255,FINAL,Milford,4249,39.0,0.0,Franklin,4144,20.0,1.0,Hockomock,Hockomock,3:45 P.M.,,0
2024-09-30,42789,FINAL,Medford,4242,24.0,1.0,Lynn Classical,4220,33.0,0.0,Greater Boston,Greater Boston,,,0
2024-10-01,4996,FINAL,Arlington,4013,20.0,1.0,Belmont,4034,35.0,0.0,Middlesex,Middlesex,4:00 P.M.,,0
2024-10-01,5009,FINAL,Attleboro,4018,21.0,1.0,Milford,4249,38.0,0.0,Hockomock,Hockomock,3:45 P.M.,,0
2024-10-01,5011,FINAL,Canton,4071,36.0,0.0,Oliver Ames,4302,23.0,1.0,Hockomock,Hockomock,3:30 P.M.,,0
2024-10-01,5016,FINAL,Nauset,4271,26.0,1.0,Barnstable,4024,30.0,0.0,Cape &#38; Islands,Cape &#38; Islands,4:00 P.M.,,0
2024-10-01,5042,FINAL,Masconomet,4236,29.0,0.0,Beverly,4038,27.0,1.0,Northeastern,Northeastern,4:00 P.M.,,0
2024-10-01,5061,UPCOMING,Archbishop Williams,4012,,,Bishop Feehan,4042,,,Catholic Central,Catholic Central,4:00 P.M.,,0
2024-10-01,5103,FINAL,Brookline,4059,47.0,0.0,Needham,4272,16.0,1.0,Bay State,Bay State,4:00 P.M.,,0
2024-10-01,7188,FINAL,Newton North,4279,21.0,1.0,Natick,4270,40.0,0.0,Bay State,Bay State,4:30 P.M.,,0
2024-10-01,7190,FINAL,Natick,4270,18.0,1.0,Walpole,4404,43.0,0.0,Bay State,Bay State,4:30 P.M.,,0
2024-10-01,7259,FINAL,Taunton,4388,39.0,0.0,Franklin,4144,20.0,1.0,Hockomock,Hockomock,3:45 P.M.,,0
2024-10-01,7373,FINAL,Whitman-Hanson,4427,39.0,0.0,Hingham,4171,22.0,1.0,Patriot,Patriot,4:00 P.M.,,0
2024-10-01,7428,FINAL,Hopkinton,4180,19.0,1.0,Ashland,4015,41.0,0.0,Tri-Valley,Tri-Valley,3:45 P.M.,,0
2024-10-01,7488,FINAL,King Philip,4197,15.0,1.0,Sharon,4345,46.0,0.0,Hockomock,Hockomock,3:45 P.M.,,0
2024-10-01,8856,FINAL,Lexington,4209,21.0,1.0,Reading,4328,40.0,0.0,Middlesex,Middlesex,4:15 P.M.,,0
2024-10-01,8869,FINAL,Woburn,4438,37.0,0.0,Winchester,4434,22.0,1.0,Middlesex,Middlesex,4:00 P.M.,,0
2024-10-01,8880,FINAL,Stoneham,4380,42.0,0.0,Wakefield,4402,19.0,1.0,Middlesex,Middlesex,4:00 P.M.,,0
2024-10-01,8895,FINAL,Watertown,4409,32.0,0.0,Burlington,4065,25.0,1.0,Middlesex,Middlesex,4:15 P.M.,,0
2024-10-01,8945,FINAL,North Quincy/Quincy,4287,21.0,1.0,Plymouth South,4316,35.0,0.0,Patriot,Patriot,4:00 P.M.,,0
2024-10-01,8958,FINAL,Silver Lake,4349,40.0,0.0,Duxbury,4123,15.0,1.0,Patriot,Patriot,4:00 P.M.,,0
2024-10-01,8965,FINAL,Plymouth North,4315,41.0,0.0,Marshfield,4234,20.0,1.0,Patriot,Patriot,3:30 P.M.,,0
2024-10-01,9001,UPCOMING,Mansfield,4230,,,Stoughton,4381,,,Hockomock,Hockomock,3:30 P.M.,,0
2024-10-01,9016,FINAL,Manchester Essex/Rockport,4229,45.0,0.0,Hamilton-Wenham,4163,17.0,1.0,Cape Ann,Cape Ann,3:30 P.M.,,0
2024-10-01,11076,FINAL,Springfield Central,4360,17.0,1.0,Putnam,4362,46.0,0.0,Valley,Valley,,,0
2024-10-01,11077,FINAL,Springfield Central,4360,18.0,1.0,East Longmeadow,4127,41.0,0.0,Valley,Valley,,,0
2024-10-01,11078,FINAL,Putnam,4362,34.0,0.0,East Longmeadow,4127,22.0,1.0,Valley,Valley,,,0
2024-10-01,11084,FINAL,Somerset Berkley,4350,36.0,0.0,Apponequet,4011,23.0,1.0,South Coast,South Coast,,,0
2024-10-01,11101,FINAL,Weymouth,4425,30.0,0.0,Wellesley,4413,26.0,1.0,Bay State,Bay State,,,0
2024-10-01,11102,FINAL,Framingham,4143,50.0,0.0,Wellesley,4413,15.0,1.0,Bay State,Bay State,,,0
2024-10-01,11106,FINAL,Norwell,4296,20.0,1.0,East Bridgewater,4126,38.0,0.0,South Shore,South Shore,,,0
2024-10-01,11127,FINAL,Framingham,4143,50.0,0.0,Weymouth,4425,15.0,1.0,Bay State,Bay State,,,0
2024-10-01,11523,FINAL,Newton North,4279,15.0,1.0,Walpole,4404,48.0,0.0,Bay State,Bay State,,,0
2024-10-01,40375,FINAL,Monty Tech,4259,45.0,0.0,Advanced Math and Science,4595,15.0,1.0,Colonial,Colonial,,,0
2024-10-01,40836,FINAL,Southeastern,4358,38.0,0.0,Norfolk Aggie,4458,22.0,1.0,Mayflower,Mayflower,,,0
2024-10-01,40926,FINAL,Upper Cape,4457,50.0,0.0,Holbrook/Avon,4172,15.0,1.0,Mayflower,Mayflower,,,0
2024-10-01,43342,FINAL,Weston,4423,28.0,0.0,Wayland,4411,27.0,1.0,Dual County,Dual County,,,0
2024-10-01,43407,FINAL,Wilmington,4432,41.0,0.0,Melrose,4244,19.0,1.0,Middlesex,Middlesex,,,0
2024-10-01,43537,FINAL,Monomoy,4706,16.0,1.0,Rising Tide Charter,4746,45.0,0.0,Cape &#38; Islands,Cape &#38; Islands,,,0
2024-10-01,43651,FINAL,Rockland,4331,45.0,0.0,Middleborough,4247,15.0,1.0,South Shore,South Shore,,,0
2024-10-02,5076,UPCOMING,Bedford,4031,,,Boston Latin,4049,,,Dual County,Dual County,4:00 P.M.,,0
2024-10-02,5125,FINAL,Newton South,4280,37.0,0.0,Cambridge,4067,20.0,1.0,Dual County,Dual County,3:30 P.M.,,0
2024-10-02,5142,FINAL,Lawrence,4203,50.0,0.0,Central Catholic,4081,15.0,1.0,Merrimack Valley,Merrimack Valley,3:45 P.M.,,0
2024-10-02,5143,FINAL,North Andover,4283,30.0,0.0,Central Catholic,4081,25.0,1.0,Merrimack Valley,Merrimack Valley,4:00 P.M.,,0
2024-10-02,7490,FINAL,Lincoln-Sudbury,4211,39.0,0.0,Acton-Boxborough,4003,17.0,1.0,Dual County,Dual County,4:00 P.M.,,0
2024-10-02,8916,UPCOMING,Methuen,4246,,,Andover,4009,,,Merrimack Valley,Merrimack Valley,4:00 P.M.,,0
2024-10-02,8922,FINAL,Tewksbury,4389,50.0,0.0,Central Catholic,4081,15.0,1.0,Merrimack Valley,Merrimack Valley,3:45 P.M.,,0
2024-10-02,8923,FINAL,Tewksbury,4389,15.0,1.0,Lawrence,4203,50.0,0.0,Merrimack Valley,Merrimack Valley,3:45 P.M.,,0
2024-10-02,8927,FINAL,North Andover,4283,15.0,1.0,Tewksbury,4389,50.0,0.0,Merrimack Valley,Merrimack Valley,4:00 P.M.,,0
2024-10-02,8928,FINAL,North Andover,4283,15.0,1.0,Lawrence,4203,50.0,0.0,Merrimack Valley,Merrimack Valley,4:00 P.M.,,0
2024-10-02,8936,UPCOMING,Pembroke,4308,,,Hanover,4164,,,Patriot,Patriot,4:00 P.M.,,0
2024-10-02,8994,FINAL,Foxborough,4142,30.0,0.0,North Attleborough,4284,26.0,1.0,Hockomock,Hockomock,3:45 P.M.,,0
2024-10-02,9024,UPCOMING,North Reading,4288,,,Pentucket,4309,,,Cape Ann,Cape Ann,4:00 P.M.,,0
2024-10-02,9028,FINAL,Triton,4395,35.0,0.0,Newburyport,4276,24.0,1.0,Cape Ann,Cape Ann,3:30 P.M.,,0
2024-10-02,9038,FINAL,Ipswich,4190,39.0,0.0,Amesbury,4007,19.0,1.0,Cape Ann,Cape Ann,4:00 P.M.,,0
2024-10-02,9044,FINAL,Lynnfield,4223,15.0,1.0,Georgetown,4148,50.0,0.0,Cape Ann,Cape Ann,3:30 P.M.,,0
2024-10-02,9058,UPCOMING,Everett,4132,,,Revere,4329,,,Greater Boston,Greater Boston,4:00 P.M.,,0
2024-10-02,9075,FINAL,Malden,4227,38.0,0.0,Somerville,4351,19.0,1.0,Greater Boston,Greater Boston,4:00 P.M.,,0
2024-10-02,9083,UPCOMING,Lynn English,4221,,,Chelsea,4086,,,Greater Boston,Greater Boston,4:00 P.M.,,0
2024-10-02,11165,FINAL,Duxbury,4123,15.0,1.0,Silver Lake,4349,40.0,0.0,Patriot,Patriot,,,0
2024-10-02,11194,FINAL,Dracut,4119,50.0,0.0,Billerica,4040,15.0,1.0,Merrimack Valley,Merrimack Valley,,,0
2024-10-02,11195,FINAL,Lowell,4216,44.0,0.0,Billerica,4040,19.0,1.0,Merrimack Valley,Merrimack Valley,,,0
2024-10-02,11196,FINAL,Haverhill,4167,44.0,0.0,Billerica,4040,19.0,1.0,Merrimack Valley,Merrimack Valley,,,0
2024-10-02,11553,FINAL,Concord-Carlisle,4097,28.0,0.0,Westford,4421,27.0,1.0,Dual County,Dual County,,,0
2024-10-02,42192,FINAL,New Bedford,4273,17.0,1.0,Durfee,4122,43.0,0.0,Big Three,Big Three,,,0
2024-10-02,42835,FINAL,Fontbonne,4447,29.0,0.0,Malden Catholic,4228,27.0,1.0,Catholic Conference,Catholic Conference,,,0
2024-10-02,43424,FINAL,Norton,4295,18.0,1.0,Medway,4243,49.0,0.0,Tri-Valley,Tri-Valley,,,0
2024-10-03,43778,FINAL,Bellingham,4033,29.0,0.0,Millis,4251,26.0,1.0,Tri-Valley,Tri-Valley,,,0
2024-10-07,18733,FINAL,Sandwich,4340,44.0,0.0,Norwell,4296,16.0,1.0,South Shore,South Shore,,,0
2024-10-08,4981,UPCOMING,Shrewsbury,4348,,,Algonquin,4005,,,Mid-Wach,Mid-Wach,4:00 P.M.,,0
2024-10-08,4997,FINAL,Reading,4328,43.0,0.0,Arlington,4013,19.0,1.0,Middlesex,Middlesex,4:00 P.M.,,0
2024-10-08,5010,FINAL,Sharon,4345,32.0,0.0,Attleboro,4018,23.0,1.0,Hockomock,Hockomock,3:45 P.M.,,0
2024-10-08,5017,UPCOMING,Barnstable,4024,,,Dennis-Yarmouth,4111,,,Cape &#38; Islands,Cape &#38; Islands,4:00 P.M.,,0
2024-10-08,5039,FINAL,Woburn,4438,25.0,1.0,Belmont,4034,30.0,0.0,Middlesex,Middlesex,4:00 P.M.,,0
2024-10-08,5062,FINAL,Bishop Stang,4045,48.0,0.0,Bishop Feehan,4042,15.0,1.0,Catholic Central,Catholic Central,4:00 P.M.,,0
2024-10-08,5063,FINAL,Bishop Feehan,4042,15.0,1.0,Cardinal Spellman,4075,50.0,0.0,Catholic Central,Catholic Central,4:00 P.M.,,0
2024-10-08,5160,UPCOMING,Chicopee Comprehensive,4089,,,Chicopee,4088,,,Valley,Valley,3:45 P.M.,,0
2024-10-08,7263,FINAL,Franklin,4144,21.0,1.0,King Philip,4197,33.0,0.0,Hockomock,Hockomock,3:45 P.M.,,0
2024-10-08,8857,FINAL,Lexington,4209,18.0,1.0,Winchester,4434,45.0,0.0,Middlesex,Middlesex,4:15 P.M.,,0
2024-10-08,8881,FINAL,Stoneham,4380,25.0,1.0,Watertown,4409,30.0,0.0,Middlesex,Middlesex,4:00 P.M.,,0
2024-10-08,8888,FINAL,Wilmington,4432,33.0,0.0,Wakefield,4402,23.0,1.0,Middlesex,Middlesex,4:00 P.M.,,0
2024-10-08,8901,FINAL,Burlington,4065,30.0,0.0,Melrose,4244,26.0,1.0,Middlesex,Middlesex,4:00 P.M.,,0
2024-10-08,8942,FINAL,Quincy/North Quincy,4326,16.0,1.0,Pembroke,4308,39.0,0.0,Patriot,Patriot,4:00 P.M.,,0
2024-10-08,8946,FINAL,Plymouth South,4316,32.0,0.0,Scituate,4343,27.0,1.0,Patriot,Patriot,4:00 P.M.,,0
2024-10-08,8969,FINAL,Plymouth North,4315,26.0,1.0,Silver Lake,4349,33.0,0.0,Patriot,Patriot,3:30 P.M.,,0
2024-10-08,8976,UPCOMING,Taunton,4388,,,Milford,4249,,,Hockomock,Hockomock,4:00 P.M.,,0
2024-10-08,8987,FINAL,Mansfield,4230,48.0,0.0,Canton,4071,15.0,1.0,Hockomock,Hockomock,3:30 P.M.,,0
2024-10-08,9005,FINAL,North Attleborough,4284,45.0,0.0,Oliver Ames,4302,18.0,1.0,Hockomock,Hockomock,3:45 P.M.,,0
2024-10-08,11390,FINAL,Arlington Catholic,4014,38.0,0.0,Bishop Fenwick,4043,21.0,1.0,Catholic Central,Catholic Central,,,0
2024-10-08,11428,FINAL,Bishop Stang,4045,50.0,0.0,Cardinal Spellman,4075,15.0,1.0,Catholic Central,Catholic Central,,,0
2024-10-08,11430,FINAL,Archbishop Williams,4012,20.0,1.0,St. Mary’s,4374,41.0,0.0,Catholic Central,Catholic Central,,,0
2024-10-08,11554,FINAL,Medfield,4241,21.0,1.0,Dover-Sherborn,4118,36.0,0.0,Tri-Valley,Tri-Valley,4:00 P.M.,,0
2024-10-08,40261,FINAL,Southeastern,4358,34.0,0.0,Tri-County,4392,25.0,1.0,Mayflower,Mayflower,,,0
2024-10-08,40481,FINAL,Blackstone Valley,4046,18.0,1.0,Assabet,4016,45.0,0.0,Colonial,Colonial,,,0
2024-10-08,40663,FINAL,Sutton,4512,15.0,1.0,Worcester Tech,4445,47.0,0.0,Dual Valley,Inter-High,,,0
2024-10-08,41292,FINAL,Pope Francis,4796,18.0,1.0,Westfield Tech,4420,41.0,0.0,Pioneer,Pioneer,,,0
2024-10-08,41529,FINAL,Holbrook/Avon,4172,20.0,1.0,Bristol Aggie,4463,47.0,0.0,Mayflower,Mayflower,,,0
2024-10-08,42449,FINAL,Lynn English,4221,27.0,1.0,Lynn Classical,4220,28.0,0.0,Greater Boston,Greater Boston,,,0
2024-10-08,43054,FINAL,North Quincy/Quincy,4287,16.0,1.0,Pembroke,4308,39.0,0.0,Patriot,Patriot,,,0
2024-10-08,43350,FINAL,Falmouth,4134,33.0,0.0,Nauset,4271,22.0,1.0,Cape &#38; Islands,Cape &#38; Islands,,,0
2024-10-08,43538,FINAL,Sturgis West,4735,28.0,0.0,Monomoy,4706,27.0,1.0,Cape &#38; Islands,Cape &#38; Islands,,,0
2024-10-08,43638,FINAL,East Bridgewater,4126,32.0,0.0,Middleborough,4247,23.0,1.0,South Shore,South Shore,,,0
2024-10-08,43790,FINAL,Falmouth Academy,4135,32.0,0.0,Rising Tide Charter,4746,28.0,1.0,Cape &#38; Islands,Cape &#38; Islands,,,0
2024-10-09,4972,FINAL,Acton-Boxborough,4003,50.0,0.0,Newton South,4280,15.0,1.0,Dual County,Dual County,4:30 P.M.,,0
2024-10-09,4984,FINAL,North Andover,4283,23.0,1.0,Andover,4009,38.0,0.0,Merrimack Valley,Merrimack Valley,4:00 P.M.,,0
2024-10-09,5048,FINAL,Chelmsford,4085,44.0,0.0,Billerica,4040,19.0,1.0,Merrimack Valley,Merrimack Valley,4:00 P.M.,,0
2024-10-09,5077,UPCOMING,Bedford,4031,,,Boston Latin,4049,,,Dual County,Dual County,4:30 P.M.,,0
2024-10-09,5090,FINAL,Needham,4272,19.0,1.0,Braintree,4051,40.0,0.0,Bay State,Bay State,4:00 P.M.,,0
2024-10-09,5104,FINAL,Brookline,4059,38.0,0.0,Milton,4252,21.0,1.0,Bay State,Bay State,4:00 P.M.,,0
2024-10-09,5126,FINAL,Cambridge,4067,29.0,0.0,Westford,4421,27.0,1.0,Dual County,Dual County,4:00 P.M.,,0
2024-10-09,5144,FINAL,Lowell,4216,42.0,0.0,Central Catholic,4081,19.0,1.0,Merrimack Valley,Merrimack Valley,3:30 P.M.,,0
2024-10-09,5184,FINAL,Somerville,4351,15.0,1.0,Everett,4132,50.0,0.0,Greater Boston,Greater Boston,4:00 P.M.,,0
2024-10-09,7136,FINAL,Brookline,4059,32.0,0.0,Natick,4270,25.0,1.0,Bay State,Bay State,4:00 P.M.,,0
2024-10-09,7193,FINAL,Milton,4252,25.0,1.0,Natick,4270,34.0,0.0,Bay State,Bay State,4:00 P.M.,,0
2024-10-09,7238,FINAL,Newton North,4279,28.0,0.0,Wellesley,4413,27.0,1.0,Bay State,Bay State,4:30 P.M.,,0
2024-10-09,7303,FINAL,Needham,4272,28.0,0.0,Weymouth,4425,27.0,1.0,Bay State,Bay State,4:00 P.M.,,0
2024-10-09,7323,FINAL,Braintree,4051,38.0,0.0,Weymouth,4425,20.0,1.0,Bay State,Bay State,4:00 P.M.,,0
2024-10-09,7375,FINAL,Marshfield,4234,19.0,1.0,Hingham,4171,42.0,0.0,Patriot,Patriot,4:00 P.M.,,0
2024-10-09,7431,FINAL,Holliston,4174,37.0,0.0,Hopkinton,4180,21.0,1.0,Tri-Valley,Tri-Valley,3:45 P.M.,,0
2024-10-09,7499,FINAL,Beverly,4038,37.0,0.0,Peabody,4306,21.0,1.0,Northeastern,Northeastern,4:00 P.M.,,0
2024-10-09,7502,FINAL,Tewksbury,4389,50.0,0.0,Billerica,4040,15.0,1.0,Merrimack Valley,Merrimack Valley,4:00 P.M.,,0
2024-10-09,7503,UPCOMING,Tewksbury,4389,,,Chelmsford,4085,,,Merrimack Valley,Merrimack Valley,4:00 P.M.,,0
2024-10-09,8917,UPCOMING,Methuen,4246,,,Haverhill,4167,,,Merrimack Valley,Merrimack Valley,4:00 P.M.,,0
2024-10-09,8919,FINAL,North Andover,4283,16.0,1.0,Dracut,4119,47.0,0.0,Merrimack Valley,Merrimack Valley,4:00 P.M.,,0
2024-10-09,8921,UPCOMING,Tewksbury,4389,,,Central Catholic,4081,,,Merrimack Valley,Merrimack Valley,3:45 P.M.,,0
2024-10-09,8959,FINAL,Duxbury,4123,15.0,1.0,Whitman-Hanson,4427,48.0,0.0,Patriot,Patriot,4:00 P.M.,,0
2024-10-09,8995,FINAL,Stoughton,4381,36.0,0.0,Foxborough,4142,21.0,1.0,Hockomock,Hockomock,3:45 P.M.,,0
2024-10-09,9017,FINAL,Lynnfield,4223,45.0,0.0,Hamilton-Wenham,4163,17.0,1.0,Cape Ann,Cape Ann,3:30 P.M.,,0
2024-10-09,9039,FINAL,Manchester Essex/Rockport,4229,40.0,0.0,Amesbury,4007,20.0,1.0,Cape Ann,Cape Ann,4:00 P.M.,,0
2024-10-09,9045,FINAL,Georgetown,4148,39.0,0.0,Ipswich,4190,18.0,1.0,Cape Ann,Cape Ann,4:00 P.M.,,0
2024-10-09,9084,FINAL,Chelsea,4086,44.0,0.0,Medford,4242,15.0,1.0,Greater Boston,Greater Boston,4:00 P.M.,,0
2024-10-09,9090,UPCOMING,Lynn Classical,4220,,,Lynn English,4221,,,Greater Boston,Greater Boston,4:00 P.M.,,0
2024-10-09,9137,FINAL,Masconomet,4236,25.0,1.0,Marblehead,4231,31.0,0.0,Northeastern,Northeastern,4:00 P.M.,,0
2024-10-09,9146,UPCOMING,Masconomet,4236,,,Danvers,4103,,,Northeastern,Northeastern,4:00 P.M.,,0
2024-10-09,11518,FINAL,Newburyport,4276,18.0,1.0,Essex Tech,4745,45.0,0.0,Cape Ann,Cape Ann,,,0
2024-10-09,11519,FINAL,Danvers,4103,28.0,2.0,Marblehead,4231,28.0,2.0,Northeastern,Northeastern,,,0
2024-10-09,11520,FINAL,Dracut,4119,45.0,0.0,Andover,4009,18.0,1.0,Merrimack Valley,Merrimack Valley,,,0
2024-10-09,11521,FINAL,Westwood,4424,24.0,1.0,Norwood,4297,35.0,0.0,Tri-Valley,Tri-Valley,,,0
2024-10-09,42353,FINAL,Malden,4227,32.0,0.0,Revere,4329,24.0,1.0,Greater Boston,Greater Boston,,,0
2024-10-09,43426,FINAL,Medway,4243,42.0,0.0,Bellingham,4033,23.0,1.0,Tri-Valley,Tri-Valley,,,0
2024-10-09,43567,FINAL,Millis,4251,33.0,0.0,Norton,4295,24.0,1.0,Tri-Valley,Tri-Valley,,,0
2024-10-09,43672,FINAL,Dedham,4108,43.0,0.0,Ashland,4015,15.0,1.0,Tri-Valley,Tri-Valley,,,0
2024-10-10,18734,FINAL,Norwell,4296,15.0,1.0,Mashpee,4237,50.0,0.0,South Shore,South Shore,4:30 P.M.,,0
2024-10-11,5028,UPCOMING,Bay Path,4027,,,University Park/Claremont,4514,,,Colonial,Colonial,3:30 P.M.,,0
2024-10-11,11572,FINAL,Rivers,4330,31.0,0.0,Nobles,4282,24.0,1.0,ISL,ISL,,,0
2024-10-11,11573,FINAL,St. Mark’s,4372,42.0,0.0,Nobles,4282,19.0,1.0,ISL,ISL,,,0
2024-10-11,11574,FINAL,Tabor,4384,44.0,0.0,Nobles,4282,17.0,1.0,ISL,ISL,,,0
2024-10-11,40377,FINAL,Monty Tech,4259,15.0,1.0,Assabet,4016,50.0,0.0,Colonial,Colonial,,,0
2024-10-15,5064,FINAL,Bishop Feehan,4042,20.0,1.0,Archbishop Williams,4012,40.0,0.0,Catholic Central,Catholic Central,4:00 P.M.,,0
2024-10-15,5065,UPCOMING,Bishop Feehan,4042,,,Arlington Catholic,4014,,,Catholic Central,Catholic Central,4:00 P.M.,,0
2024-10-15,5161,UPCOMING,Minnechaug,4254,,,Chicopee Comprehensive,4089,,,Valley,Valley,4:00 P.M.,,0
2024-10-15,11610,FINAL,Cardinal Spellman,4075,45.0,0.0,Bishop Fenwick,4043,15.0,1.0,Catholic Central,Catholic Central,,,0
2024-10-15,11611,FINAL,St. Mary’s,4374,42.0,0.0,Bishop Fenwick,4043,20.0,1.0,Catholic Central,Catholic Central,,,0
2024-10-15,40102,FINAL,Monty Tech,4259,16.0,1.0,Bay Path,4027,43.0,0.0,Colonial,Colonial,,,0
2024-10-15,40621,FINAL,Dighton-Rehoboth,4114,39.0,0.0,Greater New Bedford,4156,16.0,1.0,South Coast,South Coast,,,0
2024-10-15,40795,FINAL,West Springfield,4417,18.0,1.0,Putnam,4362,48.0,0.0,Valley,Valley,,,0
2024-10-15,40800,FINAL,Frontier,4146,15.0,1.0,Smith Voc.,4539,50.0,0.0,Pioneer,Pioneer,,,0
2024-10-15,40885,FINAL,Holbrook/Avon,4172,0.0,2.0,Old Colony,4300,0.0,2.0,Mayflower,Mayflower,,,0
2024-10-15,43276,FINAL,Bellingham,4033,40.0,0.0,Medfield,4241,19.0,1.0,Tri-Valley,Tri-Valley,,,0
2024-10-15,43300,FINAL,Somerset Berkley,4350,46.0,0.0,Old Rochester,4301,16.0,1.0,South Coast,South Coast,,,0
2024-10-15,43351,FINAL,Dennis-Yarmouth,4111,18.0,1.0,Falmouth,4134,45.0,0.0,Cape &#38; Islands,Cape &#38; Islands,,,0
2024-10-15,43640,FINAL,Mashpee,4237,18.0,1.0,East Bridgewater,4126,47.0,0.0,South Shore,South Shore,,,0
2024-10-15,43650,FINAL,West Bridgewater,4415,41.0,0.0,Seekonk,4344,20.0,1.0,South Coast,South Coast,,,0
2024-10-15,43850,FINAL,Archbishop Williams,4012,15.0,1.0,Arlington Catholic,4014,46.0,0.0,Catholic Central,Catholic Central,,,0
2024-10-16,4973,FINAL,Westford,4421,17.0,1.0,Acton-Boxborough,4003,38.0,0.0,Dual County,Dual County,4:00 P.M.,,0
2024-10-16,4985,FINAL,Andover,4009,50.0,0.0,Billerica,4040,15.0,1.0,Merrimack Valley,Merrimack Valley,3:45 P.M.,,0
2024-10-16,5127,FINAL,Lincoln-Sudbury,4211,35.0,0.0,Cambridge,4067,25.0,1.0,Dual County,Dual County,,,0
2024-10-16,5145,FINAL,Central Catholic,4081,17.0,1.0,Andover,4009,44.0,0.0,Merrimack Valley,Merrimack Valley,3:45 P.M.,,0
2024-10-16,5149,FINAL,Dracut,4119,35.0,0.0,Chelmsford,4085,23.0,1.0,Merrimack Valley,Merrimack Valley,4:00 P.M.,,0
2024-10-16,5163,FINAL,Newton South,4280,35.0,0.0,Concord-Carlisle,4097,23.0,1.0,Dual County,Dual County,4:00 P.M.,,0
2024-10-16,5179,UPCOMING,Bishop Stang,4045,,,Durfee,4122,,,Catholic Central,Big Three,4:00 P.M.,,0
2024-10-16,7256,FINAL,Needham,4272,19.0,1.0,Wellesley,4413,44.0,0.0,Bay State,Bay State,4:00 P.M.,,0
2024-10-16,7320,FINAL,Tewksbury,4389,41.0,0.0,Haverhill,4167,18.0,1.0,Merrimack Valley,Merrimack Valley,4:00 P.M.,,0
2024-10-16,7493,FINAL,Central Catholic,4081,35.0,0.0,Billerica,4040,24.0,1.0,Merrimack Valley,Merrimack Valley,3:45 P.M.,,0
2024-10-16,8906,FINAL,Methuen,4246,50.0,0.0,Lowell,4216,15.0,1.0,Merrimack Valley,Merrimack Valley,4:00 P.M.,,0
2024-10-16,8920,FINAL,Lawrence,4203,45.0,0.0,Dracut,4119,15.0,1.0,Merrimack Valley,Merrimack Valley,4:00 P.M.,,0
2024-10-16,8924,FINAL,Lawrence,4203,50.0,0.0,Chelmsford,4085,15.0,1.0,Merrimack Valley,Merrimack Valley,4:00 P.M.,,0
2024-10-16,9059,UPCOMING,Medford,4242,,,Fairhaven,4133,,,Greater Boston,South Coast,4:15 P.M.,,0
2024-10-16,9076,FINAL,Lynn Classical,4220,37.0,0.0,Somerville,4351,21.0,1.0,Greater Boston,Greater Boston,4:00 P.M.,,0
2024-10-16,9085,FINAL,Revere,4329,20.0,1.0,Chelsea,4086,35.0,0.0,Greater Boston,Greater Boston,4:00 P.M.,,0
2024-10-16,9138,FINAL,Peabody,4306,20.0,1.0,Marblehead,4231,41.0,0.0,Northeastern,Northeastern,4:30 P.M.,,0
2024-10-16,9147,UPCOMING,Swampscott,4383,,,Masconomet,4236,,,Northeastern,Northeastern,4:00 P.M.,,0
2024-10-16,11669,FINAL,Lowell,4216,40.0,0.0,North Andover,4283,21.0,1.0,Merrimack Valley,Merrimack Valley,,,0
2024-10-16,11670,FINAL,Methuen,4246,50.0,0.0,North Andover,4283,15.0,1.0,Merrimack Valley,Merrimack Valley,,,0
2024-10-16,11671,FINAL,Beaver Country Day,4030,45.0,0.0,Dana Hall,4102,16.0,1.0,EIL,EIL,,,0
2024-10-16,11672,FINAL,Beaver Country Day,4030,50.0,0.0,Winsor,4436,15.0,1.0,EIL,EIL,,,0
2024-10-16,11673,FINAL,Beaver Country Day,4030,40.0,0.0,Berwick,4037,21.0,1.0,EIL,EIL,,,0
2024-10-16,11674,FINAL,Beaver Country Day,4030,29.0,0.0,Lexington Christian,4210,28.0,1.0,EIL,EIL,,,0
2024-10-16,11686,FINAL,Georgetown,4148,39.0,0.0,Ipswich,4190,18.0,1.0,Cape Ann,Cape Ann,,,0
2024-10-16,42420,FINAL,Medford,4242,23.0,0.0,Everett,4132,12.0,1.0,Greater Boston,Greater Boston,,,0
2024-10-16,42450,FINAL,Malden,4227,20.0,1.0,Lynn English,4221,35.0,0.0,Greater Boston,Greater Boston,,,0
2024-10-16,43245,FINAL,Norwood,4297,20.0,1.0,Dedham,4108,37.0,0.0,Tri-Valley,Tri-Valley,,,0
2024-10-16,43425,FINAL,Millis,4251,22.0,1.0,Medway,4243,37.0,0.0,Tri-Valley,Tri-Valley,,,0
2024-10-16,43568,FINAL,Norton,4295,29.0,0.0,Dover-Sherborn,4118,26.0,1.0,Tri-Valley,Tri-Valley,,,0
2024-10-17,5091,FINAL,Milton,4252,35.0,0.0,Braintree,4051,20.0,1.0,Bay State,Bay State,4:00 P.M.,,0
2024-10-17,5106,UPCOMING,Brookline,4059,,,Newton North,4279,,,Bay State,Bay State,4:00 P.M.,,0
2024-10-17,5194,UPCOMING,Framingham,4143,,,Natick,4270,,,Bay State,Bay State,4:00 P.M.,,0
2024-10-17,11701,FINAL,Weymouth,4425,20.0,1.0,Walpole,4404,42.0,0.0,Bay State,Bay State,4:00 P.M.,,0
2024-10-17,18735,FINAL,Abington,4002,42.0,0.0,Norwell,4296,17.0,1.0,South Shore,South Shore,,,0
2024-10-18,5029,UPCOMING,Bay Path,4027,,,Assabet,4016,,,Colonial,Colonial,3:30 P.M.,,0
2024-10-19,11800,FINAL,St. Mark’s,4372,21.0,1.0,Thayer,4390,34.0,0.0,ISL,ISL,,,0
2024-10-19,43352,FINAL,Falmouth,4134,15.0,1.0,Falmouth Academy,4135,50.0,0.0,Cape &#38; Islands,Cape &#38; Islands,,,0
2024-10-22,4998,FINAL,Arlington,4013,17.0,1.0,Woburn,4438,46.0,0.0,Middlesex,Middlesex,4:00 P.M.,,0
2024-10-22,5040,FINAL,Belmont,4034,47.0,0.0,Lexington,4209,15.0,1.0,Middlesex,Middlesex,4:00 P.M.,,0
2024-10-22,8865,FINAL,Winchester,4434,20.0,1.0,Reading,4328,43.0,0.0,Middlesex,Middlesex,4:00 P.M.,,0
2024-10-22,8882,FINAL,Stoneham,4380,23.0,1.0,Burlington,4065,34.0,0.0,Middlesex,Middlesex,4:00 P.M.,,0
2024-10-22,8889,FINAL,Melrose,4244,26.0,1.0,Wakefield,4402,30.0,0.0,Middlesex,Middlesex,4:15 P.M.,,0
2024-10-22,8896,FINAL,Watertown,4409,22.0,1.0,Wilmington,4432,33.0,0.0,Middlesex,Middlesex,4:15 P.M.,,0
2024-10-22,18736,FINAL,Norwell,4296,15.0,1.0,Rockland,4331,50.0,0.0,South Shore,South Shore,,,0
2024-10-22,43524,FINAL,Ashland,4015,47.0,0.0,Holliston,4174,16.0,1.0,Tri-Valley,Tri-Valley,,,0
2024-10-22,43835,FINAL,Sturgis West,4735,15.0,1.0,Rising Tide Charter,4746,50.0,0.0,Cape &#38; Islands,Cape &#38; Islands,,,0
2024-10-23,5180,UPCOMING,Durfee,4122,,,Brockton,4058,,,Big Three,Big Three,3:45 P.M.,,0
2024-10-23,11893,FINAL,Westwood,4424,15.0,1.0,Dedham,4108,46.0,0.0,Tri-Valley,Tri-Valley,,,0
2024-10-23,11908,FINAL,Dover-Sherborn,4118,30.0,0.0,Bellingham,4033,29.0,1.0,Tri-Valley,Tri-Valley,,,0
2024-10-23,43277,FINAL,Medfield,4241,24.0,1.0,Millis,4251,37.0,0.0,Tri-Valley,Tri-Valley,,,0
2024-10-26,7266,UPCOMING,Attleboro,4018,,,Franklin,4144,,,Hockomock,Hockomock,8:30 A.M.,,0
2024-10-26,11981,FINAL,Thayer,4390,46.0,0.0,Winsor,4436,17.0,1.0,ISL,EIL,,,0
2024-10-26,11982,FINAL,Milton Academy,4253,40.0,0.0,Winsor,4436,19.0,1.0,ISL,EIL,,,0
2024-10-26,11983,FINAL,St. Mark’s,4372,41.0,0.0,Winsor,4436,20.0,1.0,ISL,EIL,,,0
2024-10-26,11984,FINAL,Milton Academy,4253,19.0,1.0,Thayer,4390,43.0,0.0,ISL,ISL,,,0
2024-10-26,11985,FINAL,Thayer,4390,39.0,0.0,St. Mark’s,4372,18.0,1.0,ISL,ISL,,,0
2024-10-26,11986,FINAL,Milton Academy,4253,23.0,1.0,St. Mark’s,4372,34.0,0.0,ISL,ISL,,,0
2024-10-26,42942,FINAL,Beverly,4038,18.0,1.0,Salem,4336,45.0,0.0,Northeastern,Northeastern,,,0
2024-10-30,18699,FINAL,Westwood,4424,25,1,Hopkinton,4180,30,0,Tri-Valley,Tri-Valley,,,0
