date,game_id,status,home_team,home_team_id,home_score,home_outcome,visitor_team,visitor_team_id,visitor_score,visitor_outcome,home_conference,visitor_conference,time,overtime,is_shootout_win
2025-12-03,66699,FINAL,Holderness,4173,63,1,Groton,4544,29,0,Independent,ISL,4:00 P.M.,,0
2025-12-03,66705,FINAL,Portsmouth Abbey,4320,37,0,Middlesex,4248,56,1,EIL,ISL,,,0
2025-12-05,66665,UPCOMING,Muniz,5018,,,Boston Collegiate,4592,,,Boston City,Charter School Athletic,4:00 P.M.,,0
2025-12-05,66702,FINAL,Middlesex,4248,29,0,Concord Academy,4096,41,1,ISL,EIL,,,0
2025-12-06,65832,UPCOMING,Archbishop Williams,4012,,,Newton North,4279,,,Catholic Central,Bay State,10:15 A.M.,,0
2025-12-06,65854,UPCOMING,Archbishop Williams,4012,,,Milton,4252,,,Catholic Central,Bay State,10:15 A.M.,,0
2025-12-06,66670,UPCOMING,Excel Academy,4969,,,Boston Prep,4655,,,Charter School Athletic,Charter School Athletic,10:00 A.M.,,0
2025-12-06,66905,FINAL,Nobles,4282,38,0,Tilton,4391,42,1,ISL,Independent,,,0
2025-12-06,67104,FINAL,Middlesex,4248,60,1,Deerfield,4110,24,0,ISL,Independent,,,0
2025-12-06,67107,FINAL,Pingree,4312,38,1,Portsmouth Abbey,4320,22,0,EIL,EIL,3:30 P.M.,,0
2025-12-06,67206,FINAL,Brewster Academy,4052,50,1,Lawrence Academy,4204,45,0,Independent,ISL,,,0
2025-12-06,67293,UPCOMING,Muniz,5018,,,Charlestown,4084,,,Boston City,Boston City,5:00 P.M.,,0
2025-12-07,67475,FINAL,Tabor,4384,73,1,St. George’s,4367,51,0,ISL,ISL,,,0
2025-12-07,67482,FINAL,Greenwich CD (Conn.),5041,37,0,Lawrence Academy,4204,46,1,Independent,ISL,,,0
2025-12-08,65868,UPCOMING,Abington,4002,,,Weymouth,4425,,,South Shore,Bay State,5:15 P.M.,,0
2025-12-08,66224,UPCOMING,Mystic Valley,4264,,,Chelsea,4086,,,Commonwealth,Greater Boston,4:30 P.M.,,0
2025-12-08,66625,UPCOMING,Mansfield,4230,,,Norton,4295,,,Hockomock,Tri-Valley,3:15 P.M.,,0
2025-12-09,65781,UPCOMING,Framingham,4143,,,Waltham,4405,,,Bay State,Dual County,6:00 P.M.,,0
2025-12-09,65825,UPCOMING,Natick,4270,,,Medfield,4241,,,Bay State,Tri-Valley,5:00 P.M.,,0
2025-12-09,65835,UPCOMING,Newton North,4279,,,Arlington,4013,,,Bay State,Middlesex,4:15 P.M.,,0
2025-12-09,65856,UPCOMING,Dedham,4108,,,Milton,4252,,,Tri-Valley,Bay State,5:30 P.M.,,0
2025-12-09,66525,UPCOMING,Westwood,4424,,,Fontbonne,4447,,,Tri-Valley,Catholic Conference,5:30 P.M.,,0
2025-12-09,66540,UPCOMING,Bellingham,4033,,,Attleboro,4018,,,Tri-Valley,Hockomock,6:00 P.M.,,0
2025-12-09,66617,UPCOMING,Millis,4251,,,Westborough,4418,,,Tri-Valley,Mid-Wach,6:00 P.M.,,0
2025-12-09,67355,UPCOMING,Belmont,4034,,,Boston United,4798,,,Middlesex,Boston City,4:15 P.M.,,0
2025-12-10,66219,UPCOMING,Greater Lawrence,4154,,,Winthrop,4437,,,Commonwealth,Northeastern,5:30 P.M.,,0
2025-12-10,66593,UPCOMING,Bishop Feehan,4042,,,Medfield,4241,,,Catholic Central,Tri-Valley,4:45 P.M.,,0
2025-12-10,66885,UPCOMING,Oakmont,4299,,,Westford,4421,,,Mid-Wach,Dual County,6:00 P.M.,,0
2025-12-10,67409,UPCOMING,Wareham,4407,,,Greater New Bedford,4156,,,Mayflower,South Coast,4:30 P.M.,,0
2025-12-10,68670,UPCOMING,Middleborough,4247,,,Taunton,4388,,,South Shore,Hockomock,5:00 P.M.,,0
2025-12-10,68686,UPCOMING,Cohasset,4094,,,Hanover,4164,,,South Shore,Patriot,4:00 P.M.,,0
2025-12-10,68690,UPCOMING,West Bridgewater,4415,,,Hull,4184,,,South Coast,South Shore,4:30 P.M.,,0
2025-12-10,68723,FINAL,Thayer,4390,52,0,St. Mark’s,4372,59,1,ISL,ISL,3:30 P.M.,,0
2025-12-10,69376,FINAL,Lawrence Academy,4204,59,1,Brooks,4060,57,0,ISL,ISL,,,0
2025-12-10,69557,FINAL,Rivers,4330,56,1,Groton,4544,26,0,ISL,ISL,,,0
2025-12-11,65865,FINAL,Weymouth,4425,35,0,Needham,4272,72,1,Bay State,Bay State,6:45 P.M.,,0
2025-12-11,65955,FINAL,Central Catholic,4081,49,0,Masconomet,4236,51,1,Merrimack Valley,Northeastern,7:00 P.M.,,0
2025-12-11,66657,FINAL,South Shore Charter,4589,37,1,Argosy Collegiate,5032,33,0,Charter School Athletic,Charter School Athletic,3:15 P.M.,,0
2025-12-11,66680,FINAL,Excel Academy,4969,26,0,Collegiate Charter,4986,44,1,Charter School Athletic,Charter School Athletic,3:30 P.M.,,0
2025-12-11,66774,FINAL,Acton-Boxborough,4003,66,1,Shrewsbury,4348,42,0,Dual County,Mid-Wach,6:00 P.M.,,0
2025-12-11,66805,UPCOMING,Lincoln-Sudbury,4211,,,Hopkinton,4180,,,Dual County,Tri-Valley,4:00 P.M.,,0
2025-12-11,66904,FINAL,Weston,4423,18,0,Wayland,4411,35,1,Dual County,Dual County,6:00 P.M.,,0
2025-12-11,67147,FINAL,Muniz,5018,26,1,MATCH Charter,4594,22,0,Boston City,Charter School Athletic,5:00 P.M.,,0
2025-12-11,67152,FINAL,Pacific Rim Charter,4478,12,0,Neighborhood House Charter,5035,55,1,Charter School Athletic,Charter School Athletic,5:00 P.M.,,0
2025-12-11,67176,FINAL,Pioneer Charter II,4964,21,0,Prospect Hill,4593,68,1,Charter School Athletic,Charter School Athletic,4:15 P.M.,,0
2025-12-11,67180,UPCOMING,Roxbury Prep,4847,,,Randolph,4327,,,Charter School Athletic,South Shore,5:00 P.M.,,0
2025-12-11,67197,FINAL,Maimonides,4473,47,1,Brooke Charter,5071,46,0,Independent,Charter School Athletic,6:30 P.M.,,0
2025-12-11,67221,FINAL,Atlantis Charter,4818,41,1,Avon,4460,14,0,Independent,Mayflower,3:30 P.M.,,0
2025-12-11,67226,FINAL,Rockland,4331,49,1,Calvary Chapel,4828,24,0,South Shore,Independent,4:00 P.M.,,0
2025-12-11,67237,UPCOMING,King Philip,4197,,,Fontbonne,4447,,,Hockomock,Catholic Conference,6:00 P.M.,,0
2025-12-11,67448,FINAL,Old Colony,4300,21,0,Tri-County,4392,34,1,Mayflower,Mayflower,5:00 P.M.,,0
2025-12-11,68453,UPCOMING,Bourne,4050,,,Carver,4077,,,South Coast,South Shore,5:30 P.M.,,0
2025-12-11,68537,UPCOMING,Nantucket,4265,,,Monomoy,4706,,,Cape & Islands,Cape & Islands,5:00 P.M.,,0
2025-12-11,68602,UPCOMING,Quincy,4326,,,Oliver Ames,4302,,,Patriot,Hockomock,4:00 P.M.,,0
2025-12-11,68642,UPCOMING,Whitman-Hanson,4427,,,Norwell,4296,,,Patriot,South Shore,6:00 P.M.,,0
2025-12-11,68750,FINAL,Notre Dame (Worcester),4451,15,0,Leominster,4208,63,1,Independent,Mid-Wach,6:00 P.M.,,0
2025-12-11,69052,UPCOMING,Maynard,4239,,,Chelmsford,4085,,,Mid-Wach,Merrimack Valley,4:00 P.M.,,0
2025-12-11,69057,FINAL,Mahar,4226,40,1,Narragansett,4266,34,0,Independent,Mid-Wach,7:00 P.M.,,0
2025-12-11,69458,FINAL,Lenox,4532,33,0,Lee,4206,61,1,Independent,Independent,,,0
2025-12-11,69464,FINAL,Quaboag,4510,26,0,Hudson,4182,59,1,Independent,Mid-Wach,,,0
2025-12-11,69465,FINAL,Burncoat,4066,12,0,Leicester,4207,33,1,Independent,Independent,,,0
2025-12-11,69472,FINAL,Tantasqua,4387,47,1,Auburn,4019,42,0,Independent,Independent,,,0
2025-12-11,69497,FINAL,Keefe Tech,4191,39,1,Southbridge,4357,23,0,Independent,Independent,,,0
2025-12-12,65645,FINAL,Natick,4270,62,1,Brookline,4059,43,0,Bay State,Bay State,6:30 P.M.,,0
2025-12-12,65783,FINAL,Framingham,4143,41,0,Newton North,4279,55,1,Bay State,Bay State,6:30 P.M.,,0
2025-12-12,65841,FINAL,Wellesley,4413,32,0,Milton,4252,45,1,Bay State,Bay State,6:30 P.M.,,0
2025-12-12,65843,UPCOMING,Norwood,4297,,,Braintree,4051,,,Tri-Valley,Bay State,4:00 P.M.,,0
2025-12-12,65869,FINAL,Peabody,4306,67,1,Beverly,4038,23,0,Northeastern,Northeastern,7:00 P.M.,,0
2025-12-12,65876,FINAL,Danvers,4103,54,1,Marblehead,4231,25,0,Northeastern,Northeastern,6:30 P.M.,,0
2025-12-12,66207,UPCOMING,Salem,4336,,,Saugus,4341,,,Northeastern,Northeastern,6:00 P.M.,,0
2025-12-12,66211,FINAL,Swampscott,4383,58,1,Gloucester,4150,40,0,Northeastern,Northeastern,6:30 P.M.,,0
2025-12-12,66251,FINAL,Somerville,4351,58,1,Lynn English,4221,22,0,Greater Boston,Greater Boston,6:00 P.M.,,0
2025-12-12,66254,FINAL,Durfee,4122,22,0,Attleboro,4018,45,1,Big Three,Hockomock,6:30 P.M.,,0
2025-12-12,66261,FINAL,Franklin,4144,33,0,Wachusett,4400,66,1,Hockomock,Mid-Wach,6:30 P.M.,,0
2025-12-12,66286,FINAL,Canton,4071,45,1,Millis,4251,31,0,Hockomock,Tri-Valley,6:00 P.M.,,0
2025-12-12,66294,FINAL,Mansfield,4230,33,0,Medway,4243,42,1,Hockomock,Tri-Valley,6:00 P.M.,,0
2025-12-12,66439,UPCOMING,Blackstone Valley,4046,,,Ashland,4015,,,Independent,Tri-Valley,6:30 P.M.,,0
2025-12-12,66450,FINAL,Holliston,4174,25,0,Waltham,4405,48,1,Tri-Valley,Dual County,6:00 P.M.,,0
2025-12-12,66464,FINAL,Hopedale,4507,60,1,Dedham,4108,52,0,Independent,Tri-Valley,6:30 P.M.,1.0,0
2025-12-12,66472,UPCOMING,Arlington Catholic,4014,,,Cambridge,4067,,,Catholic Central,Dual County,7:00 P.M.,,0
2025-12-12,66503,FINAL,Watertown,4409,63,1,Belmont,4034,54,0,Middlesex,Middlesex,7:00 P.M.,,0
2025-12-12,66524,FINAL,Burlington,4065,39,1,Lexington,4209,17,0,Middlesex,Middlesex,6:00 P.M.,,0
2025-12-12,66542,FINAL,Bellingham,4033,33,0,Dracut,4119,73,1,Tri-Valley,Merrimack Valley,7:00 P.M.,,0
2025-12-12,66544,FINAL,Melrose,4244,44,1,Reading,4328,32,0,Middlesex,Middlesex,6:00 P.M.,,0
2025-12-12,66558,FINAL,Dover-Sherborn,4118,50,1,Northbridge,4292,44,0,Tri-Valley,Independent,6:30 P.M.,,0
2025-12-12,66564,FINAL,Stoneham,4380,51,0,Winchester,4434,55,1,Middlesex,Middlesex,6:00 P.M.,,0
2025-12-12,66589,FINAL,Wakefield,4402,36,0,Woburn,4438,44,1,Middlesex,Middlesex,6:30 P.M.,,0
2025-12-12,66630,FINAL,Apponequet,4011,52,1,Norton,4295,39,0,South Coast,Tri-Valley,6:30 P.M.,,0
2025-12-12,66678,UPCOMING,Codman Charter,4482,,,Pacific Rim Charter,4478,,,Charter School Athletic,Charter School Athletic,4:00 P.M.,,0
2025-12-12,66761,FINAL,Wilmington,4432,42,0,Arlington,4013,55,1,Middlesex,Middlesex,7:00 P.M.,,0
2025-12-12,66888,UPCOMING,Tyngsborough,4397,,,Westford,4421,,,Mid-Wach,Dual County,6:00 P.M.,,0
2025-12-12,66900,FINAL,Boston Latin,4049,35,0,O’Bryant,4298,36,1,Dual County,Boston City,6:30 P.M.,,0
2025-12-12,67084,FINAL,Essex Tech,4745,34,1,Triton,4395,27,0,Cape Ann,Cape Ann,6:30 P.M.,,0
2025-12-12,67097,FINAL,Lynnfield,4223,34,0,Newburyport,4276,38,1,Cape Ann,Cape Ann,5:30 P.M.,,0
2025-12-12,67118,FINAL,Neighborhood House Charter,5035,59,1,Foxborough Charter,4588,26,0,Charter School Athletic,Charter School Athletic,4:30 P.M.,,0
2025-12-12,67132,FINAL,Hampden Charter East,4712,24,0,McCann Tech,4240,33,1,Charter School Athletic,Independent,6:00 P.M.,,0
2025-12-12,67163,UPCOMING,Pioneer Charter I,4701,,,Northeast,4293,,,Charter School Athletic,Commonwealth,5:00 P.M.,,0
2025-12-12,67188,FINAL,Community Charter,4587,32,0,Salem Academy,4604,40,1,Charter School Athletic,Charter School Athletic,6:15 P.M.,,0
2025-12-12,67213,FINAL,Notre Dame Cristo Rey,5127,12,0,Rockport,4490,55,1,Commonwealth,Independent,5:00 P.M.,,0
2025-12-12,67228,FINAL,Calvary Chapel,4828,37,1,Hull,4184,22,0,Independent,South Shore,4:00 P.M.,,0
2025-12-12,67278,FINAL,St. Mary’s,4374,53,1,Pope Francis,4796,21,0,Catholic Central,Independent,5:15 P.M.,,0
2025-12-12,67284,FINAL,Bishop Stang,4045,16,0,Dighton-Rehoboth,4114,48,1,Catholic Central,South Coast,5:00 P.M.,,0
2025-12-12,67305,FINAL,Pentucket,4309,45,0,North Reading,4288,52,1,Cape Ann,Cape Ann,6:30 P.M.,2.0,0
2025-12-12,67322,FINAL,CASH,4187,25,0,Fenway,4492,39,1,Boston City,Boston City,4:00 P.M.,,0
2025-12-12,67332,UPCOMING,Kennedy Academy,4590,,,Boston Prep,4655,,,Boston City,Charter School Athletic,4:30 P.M.,,0
2025-12-12,67339,FINAL,Georgetown,4148,61,1,Ipswich,4190,28,0,Cape Ann,Cape Ann,6:30 P.M.,,0
2025-12-12,67345,FINAL,Amesbury,4007,52,1,Hamilton-Wenham,4163,43,0,Cape Ann,Cape Ann,6:30 P.M.,,0
2025-12-12,67358,FINAL,Boston United,4798,29,0,Ursuline,4448,65,1,Boston City,Catholic Conference,5:00 P.M.,,0
2025-12-12,67367,FINAL,Lowell Catholic,4217,49,0,Greater Lowell,4155,53,1,Commonwealth,Commonwealth,6:30 P.M.,,0
2025-12-12,67379,FINAL,Brockton,4058,35,0,Abington,4002,55,1,Big Three,South Shore,5:00 P.M.,,0
2025-12-12,67385,FINAL,New Bedford,4273,40,0,Old Rochester,4301,58,1,Big Three,South Coast,6:30 P.M.,,0
2025-12-12,67396,FINAL,Shawsheen,4346,46,1,Mystic Valley,4264,27,0,Commonwealth,Commonwealth,5:30 P.M.,,0
2025-12-12,67405,UPCOMING,Norfolk Aggie,4458,,,Holbrook,4172,,,Mayflower,Mayflower,5:00 P.M.,,0
2025-12-12,67416,FINAL,Westport,4461,30,0,Blue Hills,4047,36,1,Mayflower,Mayflower,5:00 P.M.,,0
2025-12-12,67431,FINAL,Bristol-Plymouth,4057,39,0,Nauset,4271,40,1,Mayflower,Cape & Islands,6:30 P.M.,,0
2025-12-12,67437,FINAL,Innovation Academy,4690,26,0,Parker Charter,4483,40,1,Commonwealth,Independent,4:00 P.M.,,0
2025-12-12,67450,FINAL,Tri-County,4392,51,1,South Shore Voc-Tech,4356,11,0,Mayflower,Mayflower,5:00 P.M.,,0
2025-12-12,67462,FINAL,Cape Cod Academy,4072,11,0,Cape Cod Tech,4073,51,1,Cape & Islands,Mayflower,5:00 P.M.,,0
2025-12-12,68400,FINAL,Barnstable,4024,53,1,Bourne,4050,28,0,Pioneer,South Coast,5:00 P.M.,,0
2025-12-12,68469,FINAL,Southeastern,4358,34,0,Seekonk,4344,55,1,Mayflower,South Coast,5:00 P.M.,,0
2025-12-12,68507,FINAL,East Bridgewater,4126,67,1,Dennis-Yarmouth,4111,16,0,South Shore,Cape & Islands,6:30 P.M.,,0
2025-12-12,68514,UPCOMING,Falmouth Academy,4135,,,Falmouth,4134,,,Cape & Islands,Cape & Islands,3:30 P.M.,,0
2025-12-12,68518,FINAL,Plymouth South,4316,33,0,Sandwich,4340,37,1,Patriot,Cape & Islands,6:00 P.M.,,0
2025-12-12,68528,UPCOMING,Martha’s Vineyard,4235,,,Sturgis West,4735,,,Cape & Islands,Cape & Islands,2:30 P.M.,,0
2025-12-12,68615,FINAL,Plymouth North,4315,55,1,Scituate,4343,27,0,Patriot,Patriot,5:30 P.M.,,0
2025-12-12,68624,FINAL,Cohasset,4094,33,0,Duxbury,4123,43,1,South Shore,Patriot,6:30 P.M.,,0
2025-12-12,68627,FINAL,Hingham,4171,43,1,Middleborough,4247,19,0,Patriot,South Shore,6:30 P.M.,,0
2025-12-12,68635,UPCOMING,Silver Lake,4349,,,Taunton,4388,,,Patriot,Hockomock,6:15 P.M.,,0
2025-12-12,68680,FINAL,Whitinsville Christian,4487,35,0,Randolph,4327,36,1,Independent,South Shore,5:15 P.M.,,0
2025-12-12,68739,FINAL,Mashpee,4237,44,0,St. John Paul II,4689,50,1,South Shore,Cape & Islands,6:30 P.M.,,0
2025-12-12,68746,FINAL,Algonquin,4005,53,1,Westborough,4418,44,0,Mid-Wach,Mid-Wach,6:00 P.M.,,0
2025-12-12,68760,FINAL,Holyoke,4176,33,0,Shepherd Hill,4347,50,1,Independent,Mid-Wach,6:00 P.M.,,0
2025-12-12,68903,FINAL,Fitchburg,4139,54,1,Worcester Tech,4445,18,0,Mid-Wach,Independent,6:00 P.M.,,0
2025-12-12,68943,FINAL,Greater Lawrence,4154,51,0,Groton-Dunstable,4160,63,1,Commonwealth,Mid-Wach,5:30 P.M.,,0
2025-12-12,68965,UPCOMING,Nashoba,4267,,,Oakmont,4299,,,Mid-Wach,Mid-Wach,5:00 P.M.,,0
2025-12-12,68991,FINAL,Bromfield,4505,34,0,Gardner,4147,47,1,Mid-Wach,Mid-Wach,7:00 P.M.,,0
2025-12-12,69001,FINAL,Littleton,4212,55,1,North Middlesex,4286,18,0,Mid-Wach,Mid-Wach,7:00 P.M.,,0
2025-12-12,69026,FINAL,Millbury,4250,49,1,Clinton,4093,38,0,Independent,Mid-Wach,6:30 P.M.,,0
2025-12-12,69061,FINAL,Narragansett,4266,42,1,Pioneer Valley,4536,21,0,Mid-Wach,Independent,6:30 P.M.,,0
2025-12-12,69073,FINAL,Assabet,4016,24,0,Tahanto,4513,73,1,Independent,Mid-Wach,5:00 P.M.,,0
2025-12-12,69079,FINAL,West Boylston,4414,57,1,Main South,4514,13,0,Mid-Wach,Independent,5:30 P.M.,,0
2025-12-12,69620,FINAL,St. Mary (Westfield),4537,48,1,Athol,4017,27,0,Independent,Independent,,,0
2025-12-12,69623,FINAL,South Hadley,4353,64,1,Belchertown,4032,30,0,Independent,Independent,,,0
2025-12-12,69624,FINAL,Ware,4406,40,1,Monson,4429,11,0,Independent,Independent,,,0
2025-12-12,69625,FINAL,Shepherd Hill,4347,50,1,Holyoke,4176,33,0,Mid-Wach,Independent,,,0
2025-12-12,69628,FINAL,Pioneer Valley,4536,21,0,Narragansett,4266,42,1,Independent,Mid-Wach,,,0
2025-12-12,69629,FINAL,Westfield,4419,17,0,Minnechaug,4254,60,1,Independent,Independent,,,0
2025-12-12,69630,FINAL,Wahconah,4401,63,1,Hampshire,4518,35,0,Independent,Independent,,,0
2025-12-12,69639,FINAL,BB&N,4028,43,1,Middlesex,4248,41,0,ISL,ISL,,,0
2025-12-12,69641,FINAL,St. Paul,4954,28,0,Grafton,4153,51,1,Independent,Independent,,,0
2025-12-12,69643,FINAL,Uxbridge,4398,28,0,Douglas,4506,45,1,Independent,Independent,,,0
2025-12-12,69646,FINAL,Bancroft,4023,66,1,Dublin,4121,23,0,EIL,Independent,,,0
2025-12-13,66209,UPCOMING,Saugus,4341,,,Southeastern,4358,,,Northeastern,Mayflower,2:20 P.M.,,0
2025-12-13,66246,UPCOMING,Concord-Carlisle,4097,,,Medford,4242,,,Dual County,Greater Boston,1:00 P.M.,,0
2025-12-13,66529,UPCOMING,Bridgewater-Raynham,4053,,,Westwood,4424,,,Pioneer,Tri-Valley,1:00 P.M.,,0
2025-12-13,67113,UPCOMING,Excel Academy,4969,,,Pioneer Charter II,4964,,,Charter School Athletic,Charter School Athletic,12:00 P.M.,,0
2025-12-13,67211,UPCOMING,Maimonides,4473,,,Blackstone Valley,4046,,,Independent,Independent,7:30 P.M.,,0
2025-12-13,67266,UPCOMING,Bishop Feehan,4042,,,La Salle (R.I.),4201,,,Catholic Central,Independent,2:30 P.M.,,0
2025-12-14,68533,UPCOMING,Martha’s Vineyard,4235,,,Nantucket,4265,,,Cape & Islands,Cape & Islands,1:30 P.M.,,0
2025-12-15,66226,UPCOMING,Chelsea,4086,,,Excel Academy,4969,,,Greater Boston,Charter School Athletic,4:00 P.M.,,0
2025-12-15,66308,UPCOMING,Stoughton,4381,,,Brockton,4058,,,Hockomock,Big Three,6:00 P.M.,,0
2025-12-15,66460,UPCOMING,Arlington,4013,,,Notre Dame (Hingham),4449,,,Middlesex,Catholic Conference,7:00 P.M.,,0
2025-12-15,66681,UPCOMING,Collegiate Charter,4986,,,Cristo Rey,4453,,,Charter School Athletic,Independent,4:45 P.M.,,0
2025-12-15,66890,UPCOMING,Westford,4421,,,Lowell,4216,,,Dual County,Merrimack Valley,5:30 P.M.,,0
2025-12-15,67014,UPCOMING,Methuen,4246,,,Lawrence,4203,,,Merrimack Valley,Merrimack Valley,6:30 P.M.,,0
2025-12-15,67153,UPCOMING,Holbrook,4172,,,Neighborhood House Charter,5035,,,Mayflower,Charter School Athletic,4:30 P.M.,,0
2025-12-15,67166,UPCOMING,Northeast,4293,,,Pioneer Charter I,4701,,,Commonwealth,Charter School Athletic,5:30 P.M.,,0
2025-12-15,67181,UPCOMING,Roxbury Prep,4847,,,Muniz,5018,,,Charter School Athletic,Boston City,5:00 P.M.,,0
2025-12-15,67191,UPCOMING,Salem Academy,4604,,,Mystic Valley,4264,,,Charter School Athletic,Commonwealth,5:00 P.M.,,0
2025-12-15,67230,UPCOMING,Sturgis East,4456,,,Calvary Chapel,4828,,,Cape & Islands,Independent,7:00 P.M.,,0
2025-12-15,67241,UPCOMING,Arlington Catholic,4014,,,Notre Dame (Hingham),4449,,,Catholic Central,Catholic Conference,7:00 P.M.,,0
2025-12-15,67302,UPCOMING,Ruth Batson Academy,4795,,,Madison Park,4225,,,Independent,Boston City,4:00 P.M.,,0
2025-12-15,67325,UPCOMING,New Mission,4494,,,CASH,4187,,,Boston City,Boston City,4:00 P.M.,,0
2025-12-15,67328,UPCOMING,Notre Dame (Tyngsborough),4540,,,Amesbury,4007,,,Commonwealth,Cape Ann,6:00 P.M.,,0
2025-12-15,67351,UPCOMING,Rockport,4490,,,Ipswich,4190,,,Independent,Cape Ann,4:30 P.M.,,0
2025-12-15,67361,UPCOMING,Boston United,4798,,,O’Bryant,4298,,,Boston City,Boston City,5:30 P.M.,,0
2025-12-15,67368,UPCOMING,Whittier,4428,,,Lowell Catholic,4217,,,Commonwealth,Commonwealth,5:30 P.M.,,0
2025-12-15,67397,UPCOMING,Shawsheen,4346,,,Cardinal Spellman,4075,,,Commonwealth,Catholic Central,5:30 P.M.,,0
2025-12-15,67411,UPCOMING,Diman,4115,,,Wareham,4407,,,Mayflower,Mayflower,6:30 P.M.,,0
2025-12-15,67417,UPCOMING,Westport,4461,,,Fairhaven,4133,,,Mayflower,South Coast,5:00 P.M.,,0
2025-12-15,67427,UPCOMING,Blue Hills,4047,,,Upper Cape,4457,,,Mayflower,Mayflower,5:00 P.M.,,0
2025-12-15,67453,UPCOMING,Minuteman,4255,,,Weston,4423,,,Commonwealth,Dual County,5:30 P.M.,,0
2025-12-15,67469,UPCOMING,South Shore Voc-Tech,4356,,,Rising Tide Charter,4746,,,Mayflower,Cape & Islands,5:00 P.M.,,0
2025-12-15,68456,UPCOMING,Bourne,4050,,,East Bridgewater,4126,,,South Coast,South Shore,6:30 P.M.,,0
2025-12-15,68646,UPCOMING,Abington,4002,,,Rockland,4331,,,South Shore,South Shore,6:00 P.M.,,0
2025-12-15,68764,UPCOMING,Shepherd Hill,4347,,,Millbury,4250,,,Mid-Wach,Independent,6:00 P.M.,,0
2025-12-15,69010,UPCOMING,Leicester,4207,,,Quabbin,4325,,,Independent,Mid-Wach,6:30 P.M.,,0
2025-12-16,65649,UPCOMING,Brookline,4059,,,Needham,4272,,,Bay State,Bay State,4:30 P.M.,,0
2025-12-16,65786,UPCOMING,Natick,4270,,,Framingham,4143,,,Bay State,Bay State,6:30 P.M.,,0
2025-12-16,65837,UPCOMING,Newton North,4279,,,Wellesley,4413,,,Bay State,Bay State,6:30 P.M.,,0
2025-12-16,65844,UPCOMING,Braintree,4051,,,Weymouth,4425,,,Bay State,Bay State,6:30 P.M.,,0
2025-12-16,65859,UPCOMING,Milton,4252,,,Walpole,4404,,,Bay State,Bay State,6:30 P.M.,,0
2025-12-16,65872,UPCOMING,Marblehead,4231,,,Beverly,4038,,,Northeastern,Northeastern,7:00 P.M.,,0
2025-12-16,65966,UPCOMING,Masconomet,4236,,,Peabody,4306,,,Northeastern,Northeastern,7:00 P.M.,,0
2025-12-16,66210,UPCOMING,Saugus,4341,,,Marblehead,4231,,,Northeastern,Northeastern,6:00 P.M.,,0
2025-12-16,66212,UPCOMING,Swampscott,4383,,,Winthrop,4437,,,Northeastern,Northeastern,6:00 P.M.,,0
2025-12-16,66228,UPCOMING,Somerville,4351,,,Chelsea,4086,,,Greater Boston,Greater Boston,6:00 P.M.,,0
2025-12-16,66233,UPCOMING,Malden Catholic,4228,,,Everett,4132,,,Catholic Conference,Greater Boston,6:00 P.M.,,0
2025-12-16,66236,UPCOMING,Lynn English,4221,,,Medford,4242,,,Greater Boston,Greater Boston,6:00 P.M.,,0
2025-12-16,66241,UPCOMING,Malden,4227,,,Everett,4132,,,Greater Boston,Greater Boston,6:00 P.M.,,0
2025-12-16,66249,UPCOMING,Revere,4329,,,Lynn Classical,4220,,,Greater Boston,Greater Boston,6:00 P.M.,,0
2025-12-16,66255,UPCOMING,Attleboro,4018,,,Canton,4071,,,Hockomock,Hockomock,6:00 P.M.,,0
2025-12-16,66262,UPCOMING,Franklin,4144,,,Oliver Ames,4302,,,Hockomock,Hockomock,6:30 P.M.,,0
2025-12-16,66269,UPCOMING,King Philip,4197,,,Mansfield,4230,,,Hockomock,Hockomock,6:00 P.M.,,0
2025-12-16,66271,UPCOMING,Milford,4249,,,North Attleborough,4284,,,Hockomock,Hockomock,6:00 P.M.,,0
2025-12-16,66277,UPCOMING,Sharon,4345,,,Stoughton,4381,,,Hockomock,Hockomock,6:30 P.M.,,0
2025-12-16,66282,UPCOMING,Taunton,4388,,,Foxborough,4142,,,Hockomock,Hockomock,6:00 P.M.,,0
2025-12-16,66442,UPCOMING,Ashland,4015,,,Norwood,4297,,,Tri-Valley,Tri-Valley,6:30 P.M.,,0
2025-12-16,66451,UPCOMING,Westwood,4424,,,Holliston,4174,,,Tri-Valley,Tri-Valley,6:30 P.M.,,0
2025-12-16,66470,UPCOMING,Hopkinton,4180,,,Dedham,4108,,,Tri-Valley,Tri-Valley,6:30 P.M.,,0
2025-12-16,66479,UPCOMING,Lowell Catholic,4217,,,Arlington,4013,,,Commonwealth,Middlesex,6:30 P.M.,,0
2025-12-16,66507,UPCOMING,Belmont,4034,,,Wakefield,4402,,,Middlesex,Middlesex,7:15 P.M.,,0
2025-12-16,66527,UPCOMING,Lexington,4209,,,Wilmington,4432,,,Middlesex,Middlesex,6:00 P.M.,,0
2025-12-16,66546,UPCOMING,Bellingham,4033,,,Millis,4251,,,Tri-Valley,Tri-Valley,6:00 P.M.,,0
2025-12-16,66551,UPCOMING,Reading,4328,,,Stoneham,4380,,,Middlesex,Middlesex,6:00 P.M.,,0
2025-12-16,66562,UPCOMING,Medway,4243,,,Dover-Sherborn,4118,,,Tri-Valley,Tri-Valley,5:00 P.M.,,0
2025-12-16,66575,UPCOMING,Winchester,4434,,,Melrose,4244,,,Middlesex,Middlesex,6:00 P.M.,,0
2025-12-16,66590,UPCOMING,Woburn,4438,,,Watertown,4409,,,Middlesex,Middlesex,7:00 P.M.,,0
2025-12-16,66596,UPCOMING,Norton,4295,,,Medfield,4241,,,Tri-Valley,Tri-Valley,6:00 P.M.,,0
2025-12-16,66598,UPCOMING,Arlington,4013,,,Burlington,4065,,,Middlesex,Middlesex,7:00 P.M.,,0
2025-12-16,66674,UPCOMING,Boston Prep,4655,,,Prospect Hill,4593,,,Charter School Athletic,Charter School Athletic,4:30 P.M.,,0
2025-12-16,66777,UPCOMING,Fontbonne,4447,,,Acton-Boxborough,4003,,,Catholic Conference,Dual County,6:30 P.M.,,0
2025-12-16,66781,UPCOMING,Cambridge,4067,,,Andover,4009,,,Dual County,Merrimack Valley,7:00 P.M.,,0
2025-12-16,66814,UPCOMING,Hudson,4182,,,Lincoln-Sudbury,4211,,,Mid-Wach,Dual County,6:30 P.M.,,0
2025-12-16,66897,UPCOMING,Waltham,4405,,,Bedford,4031,,,Dual County,Dual County,7:00 P.M.,,0
2025-12-16,66906,UPCOMING,Tewksbury,4389,,,Billerica,4040,,,Merrimack Valley,Merrimack Valley,6:30 P.M.,,0
2025-12-16,66910,UPCOMING,Central Catholic,4081,,,North Andover,4283,,,Merrimack Valley,Merrimack Valley,7:00 P.M.,,0
2025-12-16,66965,UPCOMING,Methuen,4246,,,Chelmsford,4085,,,Merrimack Valley,Merrimack Valley,6:30 P.M.,,0
2025-12-16,67040,UPCOMING,Lawrence,4203,,,Haverhill,4167,,,Merrimack Valley,Merrimack Valley,6:30 P.M.,,0
2025-12-16,67089,UPCOMING,Essex Tech,4745,,,Pentucket,4309,,,Cape Ann,Cape Ann,6:30 P.M.,,0
2025-12-16,67099,UPCOMING,Lynnfield,4223,,,Triton,4395,,,Cape Ann,Cape Ann,5:30 P.M.,,0
2025-12-16,67135,UPCOMING,Hampden Charter East,4712,,,St. Mary (Westfield),4537,,,Charter School Athletic,Independent,6:00 P.M.,,0
2025-12-16,67157,UPCOMING,Southeastern,4358,,,New Heights Charter,5088,,,Mayflower,Charter School Athletic,3:30 P.M.,,0
2025-12-16,67162,UPCOMING,Maimonides,4473,,,Pacific Rim Charter,4478,,,Independent,Charter School Athletic,5:00 P.M.,,0
2025-12-16,67195,UPCOMING,Holbrook,4172,,,South Shore Charter,4589,,,Mayflower,Charter School Athletic,5:00 P.M.,,0
2025-12-16,67199,UPCOMING,Brooke Charter,5071,,,Neighborhood House Charter,5035,,,Charter School Athletic,Charter School Athletic,6:00 P.M.,,0
2025-12-16,67223,UPCOMING,Atlantis Charter,4818,,,Bristol Aggie,4463,,,Independent,Mayflower,3:30 P.M.,,0
2025-12-16,67253,UPCOMING,Archbishop Williams,4012,,,Bishop Feehan,4042,,,Catholic Central,Catholic Central,6:30 P.M.,,0
2025-12-16,67261,UPCOMING,Lowell Catholic,4217,,,Arlington Catholic,4014,,,Commonwealth,Catholic Central,6:30 P.M.,,0
2025-12-16,67281,UPCOMING,Malden Catholic,4228,,,St. Mary’s,4374,,,Catholic Conference,Catholic Central,6:30 P.M.,,0
2025-12-16,67290,UPCOMING,Brighton,4055,,,Charlestown,4084,,,Boston City,Boston City,4:30 P.M.,,0
2025-12-16,67296,UPCOMING,East Boston,4125,,,Muniz,5018,,,Boston City,Boston City,5:00 P.M.,,0
2025-12-16,67334,UPCOMING,Fenway,4492,,,Kennedy Academy,4590,,,Boston City,Boston City,4:00 P.M.,,0
2025-12-16,67342,UPCOMING,Hamilton-Wenham,4163,,,Georgetown,4148,,,Cape Ann,Cape Ann,6:30 P.M.,,0
2025-12-16,67354,UPCOMING,Ipswich,4190,,,Lynn Tech,4222,,,Cape Ann,Commonwealth,6:00 P.M.,,0
2025-12-16,67357,UPCOMING,Amesbury,4007,,,Manchester Essex,4229,,,Cape Ann,Cape Ann,6:30 P.M.,,0
2025-12-16,67381,UPCOMING,Dartmouth,4105,,,Durfee,4122,,,Pioneer,Big Three,6:30 P.M.,,0
2025-12-16,67388,UPCOMING,Barnstable,4024,,,New Bedford,4273,,,Pioneer,Big Three,6:30 P.M.,,0
2025-12-16,67454,UPCOMING,Tri-County,4392,,,Norfolk Aggie,4458,,,Mayflower,Mayflower,5:00 P.M.,,0
2025-12-16,68419,UPCOMING,Old Rochester,4301,,,Apponequet,4011,,,South Coast,South Coast,6:30 P.M.,,0
2025-12-16,68427,UPCOMING,Dighton-Rehoboth,4114,,,Joseph Case,4078,,,South Coast,South Coast,5:00 P.M.,,0
2025-12-16,68436,UPCOMING,Greater New Bedford,4156,,,Somerset Berkley,4350,,,South Coast,South Coast,6:30 P.M.,,0
2025-12-16,68444,UPCOMING,Seekonk,4344,,,West Bridgewater,4415,,,South Coast,South Coast,6:30 P.M.,,0
2025-12-16,68508,UPCOMING,Dennis-Yarmouth,4111,,,Nauset,4271,,,Cape & Islands,Cape & Islands,5:30 P.M.,,0
2025-12-16,68515,UPCOMING,Falmouth,4134,,,St. John Paul II,4689,,,Cape & Islands,Cape & Islands,6:30 P.M.,,0
2025-12-16,68521,UPCOMING,Sandwich,4340,,,Mashpee,4237,,,Cape & Islands,South Shore,6:30 P.M.,,0
2025-12-16,68524,UPCOMING,Falmouth Academy,4135,,,Falmouth,4134,,,Cape & Islands,Cape & Islands,5:00 P.M.,,0
2025-12-16,68529,UPCOMING,Sturgis West,4735,,,Cape Cod Academy,4072,,,Cape & Islands,Cape & Islands,5:30 P.M.,,0
2025-12-16,68535,UPCOMING,Martha’s Vineyard,4235,,,Monomoy,4706,,,Cape & Islands,Cape & Islands,4:30 P.M.,,0
2025-12-16,68538,UPCOMING,Nantucket,4265,,,Falmouth Academy,4135,,,Cape & Islands,Cape & Islands,4:00 P.M.,,0
2025-12-16,68542,UPCOMING,Hanover,4164,,,Plymouth North,4315,,,Patriot,Patriot,6:30 P.M.,,0
2025-12-16,68548,UPCOMING,North Quincy,4287,,,Marshfield,4234,,,Patriot,Patriot,6:30 P.M.,,0
2025-12-16,68553,UPCOMING,Pembroke,4308,,,Hingham,4171,,,Patriot,Patriot,6:00 P.M.,,0
2025-12-16,68593,UPCOMING,Silver Lake,4349,,,Plymouth South,4316,,,Patriot,Patriot,6:30 P.M.,,0
2025-12-16,68605,UPCOMING,Quincy,4326,,,Duxbury,4123,,,Patriot,Patriot,6:00 P.M.,,0
2025-12-16,68620,UPCOMING,Whitman-Hanson,4427,,,Scituate,4343,,,Patriot,Patriot,6:30 P.M.,,0
2025-12-16,68693,UPCOMING,Rockland,4331,,,Hull,4184,,,South Shore,South Shore,6:30 P.M.,,0
2025-12-16,68747,UPCOMING,Wachusett,4400,,,Algonquin,4005,,,Mid-Wach,Mid-Wach,6:00 P.M.,,0
2025-12-16,68751,UPCOMING,Leominster,4208,,,Grafton,4153,,,Mid-Wach,Independent,6:30 P.M.,,0
2025-12-16,68769,UPCOMING,Nashoba,4267,,,Shrewsbury,4348,,,Mid-Wach,Mid-Wach,6:00 P.M.,,0
2025-12-16,68904,UPCOMING,Fitchburg,4139,,,Groton-Dunstable,4160,,,Mid-Wach,Mid-Wach,6:00 P.M.,,0
2025-12-16,68954,UPCOMING,Oakmont,4299,,,Marlborough,4233,,,Mid-Wach,Mid-Wach,6:30 P.M.,,0
2025-12-16,68976,UPCOMING,Westborough,4418,,,North Middlesex,4286,,,Mid-Wach,Mid-Wach,6:00 P.M.,,0
2025-12-16,68993,UPCOMING,Gardner,4147,,,Murdock,4263,,,Mid-Wach,Independent,7:00 P.M.,,0
2025-12-16,69028,UPCOMING,Tyngsborough,4397,,,Clinton,4093,,,Mid-Wach,Mid-Wach,6:00 P.M.,,0
2025-12-16,69035,UPCOMING,Littleton,4212,,,Maynard,4239,,,Mid-Wach,Mid-Wach,7:00 P.M.,,0
2025-12-16,69045,UPCOMING,West Boylston,4414,,,Ayer Shirley,4022,,,Mid-Wach,Mid-Wach,7:00 P.M.,,0
2025-12-16,69062,UPCOMING,Tahanto,4513,,,Narragansett,4266,,,Mid-Wach,Mid-Wach,7:00 P.M.,,0
2025-12-17,66280,UPCOMING,Sharon,4345,,,Abington,4002,,,Hockomock,South Shore,6:30 P.M.,,0
2025-12-17,66476,UPCOMING,Dedham,4108,,,Boston Latin,4049,,,Tri-Valley,Dual County,5:30 P.M.,,0
2025-12-17,66579,UPCOMING,Shawsheen,4346,,,Winchester,4434,,,Commonwealth,Middlesex,5:30 P.M.,,0
2025-12-17,66684,UPCOMING,Collegiate Charter,4986,,,Wayland,4411,,,Charter School Athletic,Dual County,6:00 P.M.,,0
2025-12-17,66872,UPCOMING,Bishop Fenwick,4043,,,Newton South,4280,,,Catholic Central,Dual County,6:30 P.M.,,0
2025-12-17,67114,UPCOMING,MATCH Charter,4594,,,Excel Academy,4969,,,Charter School Athletic,Charter School Athletic,5:30 P.M.,,0
2025-12-17,67168,UPCOMING,Pioneer Charter I,4701,,,Notre Dame Cristo Rey,5127,,,Charter School Athletic,Commonwealth,4:15 P.M.,,0
2025-12-17,67177,UPCOMING,Pioneer Charter II,4964,,,Rockport,4490,,,Charter School Athletic,Independent,4:15 P.M.,,0
2025-12-17,67212,UPCOMING,Maimonides,4473,,,Nashoba Valley Tech,4268,,,Independent,Commonwealth,4:30 P.M.,,0
2025-12-17,67249,UPCOMING,Notre Dame (Hingham),4449,,,Ursuline,4448,,,Catholic Conference,Catholic Conference,6:30 P.M.,,0
2025-12-17,67272,UPCOMING,Cardinal Spellman,4075,,,Bishop Stang,4045,,,Catholic Central,Catholic Central,5:30 P.M.,,0
2025-12-17,67304,UPCOMING,Snowden,4452,,,Madison Park,4225,,,Boston City,Boston City,5:00 P.M.,,0
2025-12-17,67310,UPCOMING,O’Bryant,4298,,,New Mission,4494,,,Boston City,Boston City,5:30 P.M.,,0
2025-12-17,67313,UPCOMING,Ruth Batson Academy,4795,,,TechBoston/Henderson Inclusion School,4117,,,Independent,Boston City,4:00 P.M.,,0
2025-12-17,67400,UPCOMING,Avon,4460,,,Randolph,4327,,,Mayflower,South Shore,5:00 P.M.,,0
2025-12-17,67413,UPCOMING,Wareham,4407,,,Upper Cape,4457,,,Mayflower,Mayflower,6:30 P.M.,,0
2025-12-17,67420,UPCOMING,Carver,4077,,,Westport,4461,,,South Shore,Mayflower,6:30 P.M.,,0
2025-12-17,67429,UPCOMING,Blue Hills,4047,,,West Bridgewater,4415,,,Mayflower,South Coast,5:00 P.M.,,0
2025-12-17,67433,UPCOMING,Bristol-Plymouth,4057,,,Norfolk Aggie,4458,,,Mayflower,Mayflower,5:00 P.M.,,0
2025-12-17,67458,UPCOMING,Bristol Aggie,4463,,,Rising Tide Charter,4746,,,Mayflower,Cape & Islands,5:00 P.M.,,0
2025-12-17,68982,UPCOMING,Bay Path,4027,,,Westborough,4418,,,Independent,Mid-Wach,6:30 P.M.,,0
2025-12-17,69012,UPCOMING,Quabbin,4325,,,Lunenburg,4219,,,Mid-Wach,Mid-Wach,6:00 P.M.,,0
2025-12-17,69020,UPCOMING,Nipmuc,4281,,,Bromfield,4505,,,Independent,Mid-Wach,6:00 P.M.,,0
2025-12-18,65657,UPCOMING,Wellesley,4413,,,Brookline,4059,,,Bay State,Bay State,6:30 P.M.,,0
2025-12-18,65823,UPCOMING,Framingham,4143,,,Walpole,4404,,,Bay State,Bay State,6:30 P.M.,,0
2025-12-18,65827,UPCOMING,Newton North,4279,,,Natick,4270,,,Bay State,Bay State,6:30 P.M.,,0
2025-12-18,65846,UPCOMING,Braintree,4051,,,Needham,4272,,,Bay State,Bay State,6:30 P.M.,,0
2025-12-18,65861,UPCOMING,Weymouth,4425,,,Milton,4252,,,Bay State,Bay State,6:30 P.M.,,0
2025-12-18,65878,UPCOMING,Saugus,4341,,,Marblehead,4231,,,Northeastern,Northeastern,6:00 P.M.,,0
2025-12-18,66202,UPCOMING,Manchester Essex,4229,,,Danvers,4103,,,Cape Ann,Northeastern,6:30 P.M.,,0
2025-12-18,66229,UPCOMING,Everett,4132,,,Chelsea,4086,,,Greater Boston,Greater Boston,6:00 P.M.,,0
2025-12-18,66234,UPCOMING,Lynn Classical,4220,,,Medford,4242,,,Greater Boston,Greater Boston,6:00 P.M.,,0
2025-12-18,66239,UPCOMING,Revere,4329,,,Lynn English,4221,,,Greater Boston,Greater Boston,6:00 P.M.,,0
2025-12-18,66242,UPCOMING,Malden,4227,,,Somerville,4351,,,Greater Boston,Greater Boston,6:00 P.M.,,0
2025-12-18,66552,UPCOMING,Medway,4243,,,Bellingham,4033,,,Tri-Valley,Tri-Valley,5:30 P.M.,,0
2025-12-18,66660,UPCOMING,Pacific Rim Charter,4478,,,Argosy Collegiate,5032,,,Charter School Athletic,Charter School Athletic,5:00 P.M.,,0
2025-12-18,66676,UPCOMING,Prospect Hill,4593,,,Boston Prep,4655,,,Charter School Athletic,Charter School Athletic,6:00 P.M.,,0
2025-12-18,67004,UPCOMING,Lowell,4216,,,Methuen,4246,,,Merrimack Valley,Merrimack Valley,6:30 P.M.,,0
2025-12-18,67116,UPCOMING,Salem Academy,4604,,,Excel Academy,4969,,,Charter School Athletic,Charter School Athletic,4:30 P.M.,,0
2025-12-18,67121,UPCOMING,Foxborough Charter,4588,,,Brooke Charter,5071,,,Charter School Athletic,Charter School Athletic,4:00 P.M.,,0
2025-12-18,67140,UPCOMING,Mohawk Trail,4258,,,Hampden Charter East,4712,,,Independent,Charter School Athletic,6:30 P.M.,,0
2025-12-18,67169,UPCOMING,Pioneer Charter II,4964,,,Pioneer Charter I,4701,,,Charter School Athletic,Charter School Athletic,4:15 P.M.,,0
2025-12-18,67184,UPCOMING,Roxbury Prep,4847,,,Weston,4423,,,Charter School Athletic,Dual County,4:30 P.M.,,0
2025-12-18,67277,UPCOMING,Cathedral,4079,,,Leominster,4208,,,Catholic Central,Mid-Wach,6:30 P.M.,,0
2025-12-18,67299,UPCOMING,Latin Academy,4202,,,Brighton,4055,,,Boston City,Boston City,4:00 P.M.,,0
2025-12-18,67327,UPCOMING,Kennedy Academy,4590,,,CASH,4187,,,Boston City,Boston City,6:00 P.M.,,0
2025-12-18,67336,UPCOMING,Muniz,5018,,,Charlestown,4084,,,Boston City,Boston City,5:00 P.M.,,0
2025-12-18,67346,UPCOMING,Whittier,4428,,,Hamilton-Wenham,4163,,,Commonwealth,Cape Ann,5:30 P.M.,,0
2025-12-18,67376,UPCOMING,Stoughton,4381,,,Brockton,4058,,,Hockomock,Big Three,6:30 P.M.,,0
2025-12-18,67383,UPCOMING,Silver Lake,4349,,,Durfee,4122,,,Patriot,Big Three,6:30 P.M.,,0
2025-12-18,67439,UPCOMING,Old Colony,4300,,,Diman,4115,,,Mayflower,Mayflower,5:00 P.M.,,0
2025-12-18,67443,UPCOMING,Southeastern,4358,,,Dighton-Rehoboth,4114,,,Mayflower,South Coast,5:00 P.M.,,0
2025-12-18,67445,UPCOMING,Lynn Tech,4222,,,Notre Dame (Tyngsborough),4540,,,Commonwealth,Commonwealth,6:00 P.M.,,0
2025-12-18,68525,UPCOMING,Falmouth Academy,4135,,,Sturgis East,4456,,,Cape & Islands,Cape & Islands,4:00 P.M.,,0
2025-12-18,68740,UPCOMING,Rockland,4331,,,Brockton,4058,,,South Shore,Big Three,6:30 P.M.,,0
2025-12-18,68909,UPCOMING,Monty Tech,4259,,,Fitchburg,4139,,,Independent,Mid-Wach,6:30 P.M.,,0
2025-12-18,68946,UPCOMING,Marlborough,4233,,,Groton-Dunstable,4160,,,Mid-Wach,Mid-Wach,6:00 P.M.,,0
2025-12-18,69003,UPCOMING,Oakmont,4299,,,North Middlesex,4286,,,Mid-Wach,Mid-Wach,6:30 P.M.,,0
2025-12-18,69044,UPCOMING,Maynard,4239,,,Tyngsborough,4397,,,Mid-Wach,Mid-Wach,7:00 P.M.,,0
2025-12-19,65874,UPCOMING,Salem,4336,,,Beverly,4038,,,Northeastern,Northeastern,6:00 P.M.,,0
2025-12-19,65984,UPCOMING,Gloucester,4150,,,Masconomet,4236,,,Northeastern,Northeastern,6:00 P.M.,,0
2025-12-19,66203,UPCOMING,Winthrop,4437,,,Danvers,4103,,,Northeastern,Northeastern,6:00 P.M.,,0
2025-12-19,66214,UPCOMING,Swampscott,4383,,,Peabody,4306,,,Northeastern,Northeastern,6:30 P.M.,,0
2025-12-19,66257,UPCOMING,Mansfield,4230,,,Attleboro,4018,,,Hockomock,Hockomock,6:30 P.M.,,0
2025-12-19,66263,UPCOMING,Foxborough,4142,,,Franklin,4144,,,Hockomock,Hockomock,6:30 P.M.,,0
2025-12-19,66270,UPCOMING,Oliver Ames,4302,,,King Philip,4197,,,Hockomock,Hockomock,6:00 P.M.,,0
2025-12-19,66272,UPCOMING,Stoughton,4381,,,Milford,4249,,,Hockomock,Hockomock,6:00 P.M.,,0
2025-12-19,66281,UPCOMING,Canton,4071,,,Sharon,4345,,,Hockomock,Hockomock,6:00 P.M.,,0
2025-12-19,66283,UPCOMING,North Attleborough,4284,,,Taunton,4388,,,Hockomock,Hockomock,6:30 P.M.,,0
2025-12-19,66444,UPCOMING,Dedham,4108,,,Ashland,4015,,,Tri-Valley,Tri-Valley,6:00 P.M.,,0
2025-12-19,66453,UPCOMING,Hopkinton,4180,,,Holliston,4174,,,Tri-Valley,Tri-Valley,6:30 P.M.,,0
2025-12-19,66484,UPCOMING,Bishop Fenwick,4043,,,Arlington,4013,,,Catholic Central,Middlesex,6:30 P.M.,,0
2025-12-19,66513,UPCOMING,Belmont,4034,,,Arlington,4013,,,Middlesex,Middlesex,7:15 P.M.,,0
2025-12-19,66519,UPCOMING,Westwood,4424,,,Norwood,4297,,,Tri-Valley,Tri-Valley,7:00 P.M.,,0
2025-12-19,66531,UPCOMING,Reading,4328,,,Lexington,4209,,,Middlesex,Middlesex,5:30 P.M.,,0
2025-12-19,66568,UPCOMING,Medfield,4241,,,Dover-Sherborn,4118,,,Tri-Valley,Tri-Valley,6:00 P.M.,,0
2025-12-19,66584,UPCOMING,Woburn,4438,,,Winchester,4434,,,Middlesex,Middlesex,5:00 P.M.,,0
2025-12-19,66601,UPCOMING,Burlington,4065,,,Wakefield,4402,,,Middlesex,Middlesex,5:00 P.M.,,0
2025-12-19,66622,UPCOMING,Millis,4251,,,Norton,4295,,,Tri-Valley,Tri-Valley,6:30 P.M.,,0
2025-12-19,66644,UPCOMING,Melrose,4244,,,Burlington,4065,,,Middlesex,Middlesex,5:00 P.M.,,0
2025-12-19,66668,UPCOMING,Salem,4336,,,Boston Collegiate,4592,,,Northeastern,Charter School Athletic,4:00 P.M.,,0
2025-12-19,66677,UPCOMING,Boston Prep,4655,,,Pacific Rim Charter,4478,,,Charter School Athletic,Charter School Athletic,4:30 P.M.,,0
2025-12-19,66679,UPCOMING,Codman Charter,4482,,,South Shore Charter,4589,,,Charter School Athletic,Charter School Athletic,4:00 P.M.,,0
2025-12-19,66686,UPCOMING,Collegiate Charter,4986,,,Lowell Catholic,4217,,,Charter School Athletic,Commonwealth,3:30 P.M.,,0
2025-12-19,66757,UPCOMING,Watertown,4409,,,Wilmington,4432,,,Middlesex,Middlesex,5:30 P.M.,,0
2025-12-19,66783,UPCOMING,Cambridge,4067,,,Boston Latin,4049,,,Dual County,Dual County,7:00 P.M.,,0
2025-12-19,66790,UPCOMING,Concord-Carlisle,4097,,,Bedford,4031,,,Dual County,Dual County,6:30 P.M.,,0
2025-12-19,66819,UPCOMING,Lincoln-Sudbury,4211,,,Acton-Boxborough,4003,,,Dual County,Dual County,6:00 P.M.,,0
2025-12-19,66875,UPCOMING,Newton South,4280,,,Weston,4423,,,Dual County,Dual County,6:30 P.M.,,0
2025-12-19,66892,UPCOMING,Waltham,4405,,,Westford,4421,,,Dual County,Dual County,7:00 P.M.,,0
2025-12-19,66908,UPCOMING,Billerica,4040,,,Chelmsford,4085,,,Merrimack Valley,Merrimack Valley,7:00 P.M.,,0
2025-12-19,66912,UPCOMING,Andover,4009,,,Central Catholic,4081,,,Merrimack Valley,Merrimack Valley,7:00 P.M.,,0
2025-12-19,67032,UPCOMING,North Andover,4283,,,Lawrence,4203,,,Merrimack Valley,Merrimack Valley,6:30 P.M.,,0
2025-12-19,67043,UPCOMING,Haverhill,4167,,,Tewksbury,4389,,,Merrimack Valley,Merrimack Valley,6:00 P.M.,,0
2025-12-19,67091,UPCOMING,Lynnfield,4223,,,Essex Tech,4745,,,Cape Ann,Cape Ann,5:30 P.M.,,0
2025-12-19,67123,UPCOMING,Foxborough Charter,4588,,,New Heights Charter,5088,,,Charter School Athletic,Charter School Athletic,3:30 P.M.,,0
2025-12-19,67141,UPCOMING,Hampden Charter East,4712,,,Gateway,4517,,,Charter School Athletic,Independent,6:00 P.M.,,0
2025-12-19,67149,UPCOMING,MATCH Charter,4594,,,Innovation Academy,4690,,,Charter School Athletic,Commonwealth,4:00 P.M.,,0
2025-12-19,67155,UPCOMING,Neighborhood House Charter,5035,,,South Shore Charter,4589,,,Charter School Athletic,Charter School Athletic,6:00 P.M.,,0
2025-12-19,67193,UPCOMING,Salem Academy,4604,,,Boston Collegiate,4592,,,Charter School Athletic,Charter School Athletic,4:00 P.M.,,0
2025-12-19,67216,UPCOMING,Rockport,4490,,,Notre Dame Cristo Rey,5127,,,Independent,Commonwealth,5:00 P.M.,,0
2025-12-19,67232,UPCOMING,Calvary Chapel,4828,,,Holbrook,4172,,,Independent,Mayflower,4:00 P.M.,,0
2025-12-19,67256,UPCOMING,Archbishop Williams,4012,,,Cardinal Spellman,4075,,,Catholic Central,Catholic Central,6:30 P.M.,,0
2025-12-19,67264,UPCOMING,Bishop Fenwick,4043,,,Archbishop Williams,4012,,,Catholic Central,Catholic Central,6:30 P.M.,,0
2025-12-19,67267,UPCOMING,Bishop Feehan,4042,,,St. Mary’s,4374,,,Catholic Central,Catholic Central,6:30 P.M.,,0
2025-12-19,67286,UPCOMING,Bishop Stang,4045,,,Cristo Rey,4453,,,Catholic Central,Independent,6:00 P.M.,,0
2025-12-19,67298,UPCOMING,Snowden,4452,,,East Boston,4125,,,Boston City,Boston City,4:00 P.M.,,0
2025-12-19,67311,UPCOMING,Newburyport,4276,,,Pentucket,4309,,,Cape Ann,Cape Ann,6:30 P.M.,,0
2025-12-19,67318,UPCOMING,Triton,4395,,,North Reading,4288,,,Cape Ann,Cape Ann,6:30 P.M.,,0
2025-12-19,67343,UPCOMING,Georgetown,4148,,,Amesbury,4007,,,Cape Ann,Cape Ann,6:30 P.M.,,0
2025-12-19,67362,UPCOMING,TechBoston/Henderson Inclusion School,4117,,,Boston United,4798,,,Boston City,Boston City,5:30 P.M.,,0
2025-12-19,67366,UPCOMING,Greater Lawrence,4154,,,Greater Lowell,4155,,,Commonwealth,Commonwealth,5:30 P.M.,,0
2025-12-19,67372,UPCOMING,Mystic Valley,4264,,,Shawsheen,4346,,,Commonwealth,Commonwealth,5:30 P.M.,,0
2025-12-19,67384,UPCOMING,Durfee,4122,,,Barnstable,4024,,,Big Three,Pioneer,6:30 P.M.,,0
2025-12-19,67402,UPCOMING,South Shore Voc-Tech,4356,,,Avon,4460,,,Mayflower,Mayflower,5:00 P.M.,,0
2025-12-19,67430,UPCOMING,Norfolk Aggie,4458,,,Blue Hills,4047,,,Mayflower,Mayflower,5:00 P.M.,,0
2025-12-19,67436,UPCOMING,Bristol Aggie,4463,,,Bristol-Plymouth,4057,,,Mayflower,Mayflower,5:00 P.M.,,0
2025-12-19,67457,UPCOMING,Nashoba Valley Tech,4268,,,Lynn Tech,4222,,,Commonwealth,Commonwealth,5:00 P.M.,,0
2025-12-19,67460,UPCOMING,Notre Dame (Tyngsborough),4540,,,Randolph,4327,,,Commonwealth,South Shore,5:30 P.M.,,0
2025-12-19,67465,UPCOMING,Upper Cape,4457,,,Cape Cod Tech,4073,,,Mayflower,Mayflower,5:00 P.M.,,0
2025-12-19,68406,UPCOMING,Dracut,4119,,,Bridgewater-Raynham,4053,,,Merrimack Valley,Pioneer,7:00 P.M.,,0
2025-12-19,68422,UPCOMING,Somerset Berkley,4350,,,Apponequet,4011,,,South Coast,South Coast,6:30 P.M.,,0
2025-12-19,68433,UPCOMING,Greater New Bedford,4156,,,Dighton-Rehoboth,4114,,,South Coast,South Coast,6:30 P.M.,,0
2025-12-19,68439,UPCOMING,Old Rochester,4301,,,Seekonk,4344,,,South Coast,South Coast,6:30 P.M.,,0
2025-12-19,68448,UPCOMING,Bourne,4050,,,West Bridgewater,4415,,,South Coast,South Coast,6:30 P.M.,,0
2025-12-19,68462,UPCOMING,Fairhaven,4133,,,Joseph Case,4078,,,South Coast,South Coast,6:30 P.M.,,0
2025-12-19,68511,UPCOMING,St. John Paul II,4689,,,Dennis-Yarmouth,4111,,,Cape & Islands,Cape & Islands,4:00 P.M.,,0
2025-12-19,68516,UPCOMING,Monomoy,4706,,,Falmouth,4134,,,Cape & Islands,Cape & Islands,6:30 P.M.,,0
2025-12-19,68517,UPCOMING,Nauset,4271,,,Sandwich,4340,,,Cape & Islands,Cape & Islands,6:30 P.M.,,0
2025-12-19,68532,UPCOMING,Nantucket,4265,,,Sturgis West,4735,,,Cape & Islands,Cape & Islands,5:00 P.M.,,0
2025-12-19,68543,UPCOMING,Quincy,4326,,,Hanover,4164,,,Patriot,Patriot,6:00 P.M.,,0
2025-12-19,68549,UPCOMING,Pembroke,4308,,,North Quincy,4287,,,Patriot,Patriot,6:00 P.M.,,0
2025-12-19,68596,UPCOMING,Scituate,4343,,,Plymouth South,4316,,,Patriot,Patriot,6:00 P.M.,,0
2025-12-19,68625,UPCOMING,Plymouth North,4315,,,Duxbury,4123,,,Patriot,Patriot,5:00 P.M.,,0
2025-12-19,68630,UPCOMING,Marshfield,4234,,,Hingham,4171,,,Patriot,Patriot,6:30 P.M.,,0
2025-12-19,68639,UPCOMING,Silver Lake,4349,,,Whitman-Hanson,4427,,,Patriot,Patriot,6:30 P.M.,,0
2025-12-19,68648,UPCOMING,Abington,4002,,,East Bridgewater,4126,,,South Shore,South Shore,6:30 P.M.,,0
2025-12-19,68672,UPCOMING,Middleborough,4247,,,Norwell,4296,,,South Shore,South Shore,6:00 P.M.,,0
2025-12-19,68683,UPCOMING,Hull,4184,,,Carver,4077,,,South Shore,South Shore,6:30 P.M.,,0
2025-12-19,68689,UPCOMING,Mashpee,4237,,,Cohasset,4094,,,South Shore,South Shore,6:30 P.M.,,0
2025-12-19,68765,UPCOMING,Shepherd Hill,4347,,,Westborough,4418,,,Mid-Wach,Mid-Wach,6:30 P.M.,,0
2025-12-19,68970,UPCOMING,Nashoba,4267,,,Ayer Shirley,4022,,,Mid-Wach,Mid-Wach,6:00 P.M.,,0
2025-12-19,68995,UPCOMING,Advanced Math and Science,4595,,,Gardner,4147,,,Independent,Mid-Wach,4:45 P.M.,,0
2025-12-19,68998,UPCOMING,Hudson,4182,,,Quabbin,4325,,,Mid-Wach,Mid-Wach,7:00 P.M.,,0
2025-12-19,69038,UPCOMING,Lunenburg,4219,,,Littleton,4212,,,Mid-Wach,Mid-Wach,6:30 P.M.,,0
2025-12-19,69068,UPCOMING,Narragansett,4266,,,West Boylston,4414,,,Mid-Wach,Mid-Wach,6:30 P.M.,,0
2025-12-19,69076,UPCOMING,Murdock,4263,,,Tahanto,4513,,,Independent,Mid-Wach,5:00 P.M.,,0
2025-12-20,65842,UPCOMING,Wellesley,4413,,,Foxborough,4142,,,Bay State,Hockomock,3:30 P.M.,,0
2025-12-20,65875,UPCOMING,Beverly,4038,,,Lowell,4216,,,Northeastern,Merrimack Valley,11:30 A.M.,,0
2025-12-20,67172,UPCOMING,Prospect Hill,4593,,,Pioneer Charter I,4701,,,Charter School Athletic,Charter School Athletic,12:00 P.M.,,0
2025-12-20,67239,UPCOMING,Fontbonne,4447,,,Oakmont,4299,,,Catholic Conference,Mid-Wach,1:30 P.M.,,0
2025-12-20,67250,UPCOMING,Ursuline,4448,,,New Mission,4494,,,Catholic Conference,Boston City,1:30 P.M.,,0
2025-12-20,67390,UPCOMING,Dartmouth,4105,,,New Bedford,4273,,,Pioneer,Big Three,3:00 P.M.,,0
2025-12-20,68754,UPCOMING,Fitchburg,4139,,,Leominster,4208,,,Mid-Wach,Mid-Wach,12:00 P.M.,,0
2025-12-20,68896,UPCOMING,Wachusett,4400,,,Londonderry (N.H.),4213,,,Mid-Wach,Independent,4:30 P.M.,,0
2025-12-21,65824,UPCOMING,Framingham,4143,,,Quincy,4326,,,Bay State,Patriot,3:00 P.M.,,0
2025-12-21,67369,UPCOMING,Lowell Catholic,4217,,,Tyngsborough,4397,,,Commonwealth,Mid-Wach,6:30 P.M.,,0
2025-12-22,65665,UPCOMING,Brookline,4059,,,Newton North,4279,,,Bay State,Bay State,6:00 P.M.,,0
2025-12-22,65830,UPCOMING,Natick,4270,,,Algonquin,4005,,,Bay State,Mid-Wach,6:30 P.M.,,0
2025-12-22,65851,UPCOMING,Milton,4252,,,Braintree,4051,,,Bay State,Bay State,6:30 P.M.,,0
2025-12-22,65881,UPCOMING,Marblehead,4231,,,Revere,4329,,,Northeastern,Greater Boston,7:00 P.M.,,0
2025-12-22,66000,UPCOMING,Peabody,4306,,,North Andover,4283,,,Northeastern,Merrimack Valley,7:00 P.M.,,0
2025-12-22,66216,UPCOMING,Swampscott,4383,,,Tewksbury,4389,,,Northeastern,Merrimack Valley,6:30 P.M.,,0
2025-12-22,66243,UPCOMING,Malden,4227,,,Northeast,4293,,,Greater Boston,Commonwealth,6:00 P.M.,,0
2025-12-22,66253,UPCOMING,Somerville,4351,,,Concord-Carlisle,4097,,,Greater Boston,Dual County,7:00 P.M.,,0
2025-12-22,66259,UPCOMING,Attleboro,4018,,,Taunton,4388,,,Hockomock,Hockomock,6:00 P.M.,,0
2025-12-22,66266,UPCOMING,King Philip,4197,,,Franklin,4144,,,Hockomock,Hockomock,6:00 P.M.,,0
2025-12-22,66274,UPCOMING,Sharon,4345,,,Milford,4249,,,Hockomock,Hockomock,6:30 P.M.,,0
2025-12-22,66287,UPCOMING,Canton,4071,,,Foxborough,4142,,,Hockomock,Hockomock,6:30 P.M.,,0
2025-12-22,66295,UPCOMING,Mansfield,4230,,,Oliver Ames,4302,,,Hockomock,Hockomock,6:30 P.M.,,0
2025-12-22,66303,UPCOMING,Stoughton,4381,,,North Attleborough,4284,,,Hockomock,Hockomock,5:00 P.M.,,0
2025-12-22,66446,UPCOMING,Hopedale,4507,,,Ashland,4015,,,Independent,Tri-Valley,6:30 P.M.,,0
2025-12-22,66454,UPCOMING,Grafton,4153,,,Holliston,4174,,,Independent,Tri-Valley,6:00 P.M.,,0
2025-12-22,66481,UPCOMING,Bellingham,4033,,,Dedham,4108,,,Tri-Valley,Tri-Valley,6:00 P.M.,,0
2025-12-22,66517,UPCOMING,Woburn,4438,,,Belmont,4034,,,Middlesex,Middlesex,5:00 P.M.,,0
2025-12-22,66521,UPCOMING,Norwood,4297,,,Norton,4295,,,Tri-Valley,Tri-Valley,6:00 P.M.,,0
2025-12-22,66537,UPCOMING,Winchester,4434,,,Lexington,4209,,,Middlesex,Middlesex,5:15 P.M.,,0
2025-12-22,66556,UPCOMING,Arlington,4013,,,Reading,4328,,,Middlesex,Middlesex,5:30 P.M.,,0
2025-12-22,66604,UPCOMING,Burlington,4065,,,Wakefield,4402,,,Middlesex,Middlesex,5:30 P.M.,,0
2025-12-22,66646,UPCOMING,Wilmington,4432,,,Melrose,4244,,,Middlesex,Middlesex,5:30 P.M.,,0
2025-12-22,66663,UPCOMING,Argosy Collegiate,5032,,,Atlantis Charter,4818,,,Charter School Athletic,Independent,5:00 P.M.,,0
2025-12-22,66760,UPCOMING,Stoneham,4380,,,Watertown,4409,,,Middlesex,Middlesex,6:00 P.M.,,0
2025-12-22,66786,UPCOMING,Weymouth,4425,,,Cambridge,4067,,,Bay State,Dual County,5:00 P.M.,,0
2025-12-22,66820,UPCOMING,Lincoln-Sudbury,4211,,,Shrewsbury,4348,,,Dual County,Mid-Wach,6:00 P.M.,,0
2025-12-22,66877,UPCOMING,Newton South,4280,,,Worcester South,4444,,,Dual County,Independent,6:30 P.M.,,0
2025-12-22,66898,UPCOMING,Bedford,4031,,,Beverly,4038,,,Dual County,Northeastern,6:00 P.M.,,0
2025-12-22,66903,UPCOMING,Malden Catholic,4228,,,Waltham,4405,,,Catholic Conference,Dual County,6:30 P.M.,,0
2025-12-22,66969,UPCOMING,Chelmsford,4085,,,Greater Lawrence,4154,,,Merrimack Valley,Commonwealth,7:00 P.M.,,0
2025-12-22,67019,UPCOMING,Methuen,4246,,,Whittier,4428,,,Merrimack Valley,Commonwealth,6:30 P.M.,,0
2025-12-22,67046,UPCOMING,Latin Academy,4202,,,Haverhill,4167,,,Boston City,Merrimack Valley,6:00 P.M.,,0
2025-12-22,67092,UPCOMING,Essex Tech,4745,,,North Reading,4288,,,Cape Ann,Cape Ann,6:30 P.M.,,0
2025-12-22,67101,UPCOMING,Lynnfield,4223,,,Pentucket,4309,,,Cape Ann,Cape Ann,5:30 P.M.,,0
2025-12-22,67160,UPCOMING,New Heights Charter,5088,,,Southeastern,4358,,,Charter School Athletic,Mayflower,3:30 P.M.,,0
2025-12-22,67178,UPCOMING,Rockport,4490,,,Pioneer Charter II,4964,,,Independent,Charter School Athletic,5:00 P.M.,,0
2025-12-22,67187,UPCOMING,Roxbury Prep,4847,,,Randolph,4327,,,Charter School Athletic,South Shore,4:30 P.M.,,0
2025-12-22,67235,UPCOMING,Abington,4002,,,Calvary Chapel,4828,,,South Shore,Independent,6:30 P.M.,,0
2025-12-22,67243,UPCOMING,Notre Dame (Hingham),4449,,,Dennis-Yarmouth,4111,,,Catholic Conference,Cape & Islands,6:30 P.M.,,0
2025-12-22,67259,UPCOMING,Somerset Berkley,4350,,,Archbishop Williams,4012,,,South Coast,Catholic Central,6:30 P.M.,,0
2025-12-22,67274,UPCOMING,West Bridgewater,4415,,,Cardinal Spellman,4075,,,South Coast,Catholic Central,5:00 P.M.,,0
2025-12-22,67287,UPCOMING,Bishop Stang,4045,,,Bristol-Plymouth,4057,,,Catholic Central,Mayflower,6:00 P.M.,,0
2025-12-22,67320,UPCOMING,Newburyport,4276,,,Triton,4395,,,Cape Ann,Cape Ann,6:30 P.M.,,0
2025-12-22,67329,UPCOMING,Ipswich,4190,,,Amesbury,4007,,,Cape Ann,Cape Ann,6:00 P.M.,,0
2025-12-22,67347,UPCOMING,Manchester Essex,4229,,,Hamilton-Wenham,4163,,,Cape Ann,Cape Ann,6:30 P.M.,,0
2025-12-22,67363,UPCOMING,Brockton,4058,,,New Mission,4494,,,Big Three,Boston City,6:30 P.M.,,0
2025-12-22,67393,UPCOMING,New Bedford,4273,,,Bourne,4050,,,Big Three,South Coast,6:30 P.M.,,0
2025-12-22,67404,UPCOMING,Old Colony,4300,,,Avon,4460,,,Mayflower,Mayflower,3:30 P.M.,,0
2025-12-22,67407,UPCOMING,Calvary Chapel,4828,,,Holbrook,4172,,,Independent,Mayflower,5:00 P.M.,,0
2025-12-22,67415,UPCOMING,Blue Hills,4047,,,Wareham,4407,,,Mayflower,Mayflower,5:00 P.M.,,0
2025-12-22,67423,UPCOMING,Westport,4461,,,Dighton-Rehoboth,4114,,,Mayflower,South Coast,5:00 P.M.,,0
2025-12-22,67441,UPCOMING,Diman,4115,,,Joseph Case,4078,,,Mayflower,South Coast,5:00 P.M.,,0
2025-12-22,67456,UPCOMING,Cape Cod Tech,4073,,,Tri-County,4392,,,Mayflower,Mayflower,5:00 P.M.,,0
2025-12-22,67467,UPCOMING,Holbrook,4172,,,Norfolk Aggie,4458,,,Mayflower,Mayflower,5:00 P.M.,,0
2025-12-22,67470,UPCOMING,South Shore Voc-Tech,4356,,,Upper Cape,4457,,,Mayflower,Mayflower,6:30 P.M.,,0
2025-12-22,68403,UPCOMING,Barnstable,4024,,,Nauset,4271,,,Pioneer,Cape & Islands,6:30 P.M.,,0
2025-12-22,68440,UPCOMING,Falmouth,4134,,,Old Rochester,4301,,,Cape & Islands,South Coast,6:30 P.M.,,0
2025-12-22,68466,UPCOMING,Martha’s Vineyard,4235,,,Fairhaven,4133,,,Cape & Islands,South Coast,4:30 P.M.,,0
2025-12-22,68544,UPCOMING,Duxbury,4123,,,Hanover,4164,,,Patriot,Patriot,6:30 P.M.,,0
2025-12-22,68554,UPCOMING,Marshfield,4234,,,Pembroke,4308,,,Patriot,Patriot,6:30 P.M.,,0
2025-12-22,68599,UPCOMING,Hingham,4171,,,Plymouth South,4316,,,Patriot,Patriot,6:30 P.M.,,0
2025-12-22,68606,UPCOMING,Whitman-Hanson,4427,,,Quincy,4326,,,Patriot,Patriot,6:30 P.M.,,0
2025-12-22,68675,UPCOMING,Mashpee,4237,,,Middleborough,4247,,,South Shore,South Shore,5:30 P.M.,,0
2025-12-22,68930,UPCOMING,Main South,4514,,,Fitchburg,4139,,,Independent,Mid-Wach,6:30 P.M.,,0
2025-12-22,68959,UPCOMING,Marlborough,4233,,,Nashoba,4267,,,Mid-Wach,Mid-Wach,6:00 P.M.,,0
2025-12-22,68985,UPCOMING,Auburn,4019,,,Westborough,4418,,,Independent,Mid-Wach,7:00 P.M.,,0
2025-12-22,68996,UPCOMING,Narragansett,4266,,,Gardner,4147,,,Mid-Wach,Mid-Wach,6:30 P.M.,,0
2025-12-22,69006,UPCOMING,North Middlesex,4286,,,Lunenburg,4219,,,Mid-Wach,Mid-Wach,5:30 P.M.,,0
2025-12-22,69024,UPCOMING,Bromfield,4505,,,Murdock,4263,,,Mid-Wach,Independent,5:00 P.M.,,0
2025-12-23,65884,UPCOMING,Marblehead,4231,,,Shawsheen,4346,,,Northeastern,Commonwealth,7:00 P.M.,,0
2025-12-23,66204,UPCOMING,Triton,4395,,,Gloucester,4150,,,Cape Ann,Northeastern,5:30 P.M.,,0
2025-12-23,66221,UPCOMING,Winthrop,4437,,,Arlington Catholic,4014,,,Northeastern,Catholic Central,5:30 P.M.,,0
2025-12-23,66230,UPCOMING,Chelsea,4086,,,Malden,4227,,,Greater Boston,Greater Boston,2:00 P.M.,,0
2025-12-23,66248,UPCOMING,Medford,4242,,,Revere,4329,,,Greater Boston,Greater Boston,6:00 P.M.,,0
2025-12-23,66447,UPCOMING,Medfield,4241,,,Ashland,4015,,,Tri-Valley,Tri-Valley,6:00 P.M.,,0
2025-12-23,66457,UPCOMING,Holliston,4174,,,Medway,4243,,,Tri-Valley,Tri-Valley,6:00 P.M.,,0
2025-12-23,66490,UPCOMING,Winthrop,4437,,,Arlington,4013,,,Northeastern,Middlesex,5:30 P.M.,,0
2025-12-23,66496,UPCOMING,Millis,4251,,,Hopkinton,4180,,,Tri-Valley,Tri-Valley,5:30 P.M.,,0
2025-12-23,66534,UPCOMING,Westwood,4424,,,Needham,4272,,,Tri-Valley,Bay State,5:30 P.M.,,0
2025-12-23,66570,UPCOMING,Dover-Sherborn,4118,,,Westwood,4424,,,Tri-Valley,Tri-Valley,5:30 P.M.,,0
2025-12-23,66778,UPCOMING,St. Mary’s,4374,,,Acton-Boxborough,4003,,,Catholic Central,Dual County,6:30 P.M.,,0
2025-12-23,66894,UPCOMING,Westford,4421,,,Billerica,4040,,,Dual County,Merrimack Valley,5:30 P.M.,,0
2025-12-23,67007,UPCOMING,Greater Lowell,4155,,,Lowell,4216,,,Commonwealth,Merrimack Valley,1:30 P.M.,,0
2025-12-23,67051,UPCOMING,Haverhill,4167,,,North Middlesex,4286,,,Merrimack Valley,Mid-Wach,4:00 P.M.,,0
2025-12-23,67061,UPCOMING,Lawrence,4203,,,Durfee,4122,,,Merrimack Valley,Big Three,1:00 P.M.,,0
2025-12-23,67144,UPCOMING,Pioneer Valley Chinese Immersion,4955,,,Hampden Charter East,4712,,,Independent,Charter School Athletic,6:00 P.M.,,0
2025-12-23,67173,UPCOMING,Mystic Valley,4264,,,Pioneer Charter I,4701,,,Commonwealth,Charter School Athletic,7:00 P.M.,,0
2025-12-23,67218,UPCOMING,Notre Dame Cristo Rey,5127,,,Cristo Rey,4453,,,Commonwealth,Independent,4:00 P.M.,,0
2025-12-23,67245,UPCOMING,Scituate,4343,,,Notre Dame (Hingham),4449,,,Patriot,Catholic Conference,2:00 P.M.,,0
2025-12-23,67270,UPCOMING,Bishop Feehan,4042,,,Cathedral,4079,,,Catholic Central,Catholic Central,5:00 P.M.,,0
2025-12-23,67426,UPCOMING,Westport,4461,,,Seekonk,4344,,,Mayflower,South Coast,5:00 P.M.,,0
2025-12-23,68416,UPCOMING,Dartmouth,4105,,,Greater New Bedford,4156,,,Pioneer,South Coast,5:00 P.M.,,0
2025-12-23,68522,UPCOMING,Sandwich,4340,,,Plymouth South,4316,,,Cape & Islands,Patriot,6:30 P.M.,,0
2025-12-23,68551,UPCOMING,Silver Lake,4349,,,North Quincy,4287,,,Patriot,Patriot,5:00 P.M.,,0
2025-12-23,68555,UPCOMING,Norwell,4296,,,Pembroke,4308,,,South Shore,Patriot,6:30 P.M.,,0
2025-12-23,68650,UPCOMING,Abington,4002,,,Carver,4077,,,South Shore,South Shore,5:00 P.M.,,0
2025-12-23,68668,UPCOMING,Rockland,4331,,,East Bridgewater,4126,,,South Shore,South Shore,3:00 P.M.,,0
2025-12-23,68755,UPCOMING,Groton-Dunstable,4160,,,Leominster,4208,,,Mid-Wach,Mid-Wach,6:00 P.M.,,0
2025-12-23,68768,UPCOMING,Tantasqua,4387,,,Shepherd Hill,4347,,,Independent,Mid-Wach,5:30 P.M.,,0
2025-12-23,68900,UPCOMING,Wachusett,4400,,,Bishop Guertin (N.H.),4501,,,Mid-Wach,Independent,6:30 P.M.,,0
2025-12-23,68999,UPCOMING,Lunenburg,4219,,,Hudson,4182,,,Mid-Wach,Mid-Wach,6:30 P.M.,,0
2025-12-23,69016,UPCOMING,Maynard,4239,,,Quabbin,4325,,,Mid-Wach,Mid-Wach,7:00 P.M.,,0
2025-12-23,69030,UPCOMING,Clinton,4093,,,Littleton,4212,,,Mid-Wach,Mid-Wach,6:00 P.M.,,0
2025-12-23,69048,UPCOMING,Ayer Shirley,4022,,,Tahanto,4513,,,Mid-Wach,Mid-Wach,6:00 P.M.,,0
